country_code,parameter,unit,measurement_date,threshold_24h,country_daily_avg,locations_with_data,locations_exceeding,locations_comparable,reading_count,avg_hours_covered,reference_monitor_locations,exceedance_rate,rolling_7d_avg,rolling_7d_station_exceedance_rate
AE,pm10,µg/m³,2024-08-28,45.0,121.3310181653058,1,1,1,9,9.0,0,100.0,56.62506227641796,42.857142857142854
AE,pm10,µg/m³,2024-08-30,45.0,75.98628445466359,1,1,1,24,24.0,0,100.0,74.76722493055291,71.42857142857143
AE,pm10,µg/m³,2024-11-18,45.0,58.222781697909035,3,3,3,72,24.0,0,100.0,52.540595181825324,71.42857142857143
AE,pm10,µg/m³,2024-12-29,45.0,58.57804692895324,3,3,3,72,24.0,0,100.0,56.77060878453431,80.95238095238095
AE,pm10,µg/m³,2024-08-02,45.0,69.651446779569,1,1,1,24,24.0,0,100.0,45.685084191497396,42.857142857142854
AE,pm10,µg/m³,2024-10-28,45.0,23.656963735818863,3,0,3,72,24.0,0,0.0,37.41463134008417,28.57142857142857
AE,pm10,µg/m³,2024-11-06,45.0,57.83377683162689,3,3,3,72,24.0,0,100.0,63.34670964624516,100.0
AE,pm10,µg/m³,2024-08-12,45.0,29.113425943586563,1,0,1,24,24.0,0,0.0,25.107493376628657,0.0
AE,pm10,µg/m³,2024-09-14,45.0,53.40659710433747,1,1,1,24,24.0,0,100.0,56.671087555393136,71.42857142857143
AE,pm10,µg/m³,2024-10-13,45.0,54.608622673485016,2,2,2,48,24.0,0,100.0,42.67245579689741,55.55555555555556
AE,pm10,µg/m³,2024-10-19,45.0,37.08454859146365,3,0,3,72,24.0,0,0.0,28.769320434667957,10.0
AE,pm10,µg/m³,2024-12-06,45.0,86.44516152290649,3,3,3,72,24.0,0,100.0,34.41178211232375,14.285714285714285
AE,pm10,µg/m³,2025-01-08,45.0,46.81232344470738,3,2,3,69,23.0,0,66.66666666666666,36.00177020991538,28.57142857142857
AE,pm10,µg/m³,2024-12-16,45.0,29.507452608567696,3,0,3,45,15.0,0,0.0,30.75110502861877,14.285714285714285
AE,pm10,µg/m³,2024-12-08,45.0,27.591673323346512,4,0,4,77,19.25,0,0.0,40.60741095563144,26.08695652173913
AE,pm10,µg/m³,2024-12-18,45.0,38.00582736215473,3,0,3,72,24.0,0,0.0,34.50660704426011,14.285714285714285
AE,pm10,µg/m³,2024-12-21,45.0,42.49429739790934,3,2,3,72,24.0,0,66.66666666666666,40.61295526291222,38.095238095238095
AE,pm10,µg/m³,2025-01-04,45.0,25.31469327818464,3,0,3,72,24.0,0,0.0,43.33531841643041,42.857142857142854
AE,pm10,µg/m³,2024-12-15,45.0,37.19405036171277,3,0,3,72,24.0,0,0.0,29.08443421859672,14.285714285714285
AE,pm10,µg/m³,2024-10-29,45.0,32.15787036661748,3,0,3,72,24.0,0,0.0,33.255410664614466,14.285714285714285
AE,pm10,µg/m³,2024-09-01,45.0,22.606076379617054,1,0,1,24,24.0,0,0.0,74.25046732924258,71.42857142857143
AE,pm10,µg/m³,2024-11-16,45.0,23.042534697111,3,0,3,72,24.0,0,0.0,54.379903834438224,71.42857142857143
AE,pm10,µg/m³,2024-09-11,45.0,70.63731052658775,1,1,1,22,22.0,0,100.0,59.52904244767553,85.71428571428571
AE,pm10,µg/m³,2024-08-06,45.0,26.54479167858759,1,0,1,24,24.0,0,0.0,46.82703907793823,42.857142857142854
AE,pm10,µg/m³,2024-08-18,45.0,26.746748740624902,1,0,1,24,24.0,0,0.0,29.438687496976677,14.285714285714285
AE,pm10,µg/m³,2024-09-16,45.0,61.0057292845514,1,1,1,24,24.0,0,100.0,59.056107448131115,71.42857142857143
AE,pm10,µg/m³,2024-09-25,45.0,83.12986108991834,1,1,1,24,24.0,0,100.0,60.61874999224194,71.42857142857143
AE,pm10,µg/m³,2024-12-03,45.0,22.983522177073688,3,0,3,72,24.0,0,0.0,27.67384686588328,14.285714285714285
AE,pm10,µg/m³,2024-09-30,45.0,22.270486132966145,1,0,1,24,24.0,0,0.0,66.86794809926124,71.42857142857143
AE,pm10,µg/m³,2024-10-07,45.0,22.212413176066345,2,0,2,48,24.0,0,0.0,29.376301021585142,0.0
AE,pm10,µg/m³,2024-11-25,45.0,47.287152228532015,3,2,3,72,24.0,0,66.66666666666666,57.53439142921614,80.95238095238095
AE,pm10,µg/m³,2024-12-25,45.0,68.78415188436155,3,3,3,72,24.0,0,100.0,51.626203681221085,80.95238095238095
AE,pm10,µg/m³,2024-12-24,45.0,61.599231554402245,3,3,3,72,24.0,0,100.0,47.22930017804868,66.66666666666666
AE,pm10,µg/m³,2024-12-17,45.0,38.519341497509565,3,0,3,72,24.0,0,0.0,31.995173959322898,14.285714285714285
AE,pm10,µg/m³,2024-12-14,45.0,50.16070424137868,3,3,3,71,23.666666666666668,0,100.0,27.712666070258685,13.636363636363635
AE,pm10,µg/m³,2024-11-10,45.0,63.1675217990522,3,3,3,72,24.0,0,100.0,61.30694534192009,100.0
AE,pm10,µg/m³,2024-11-29,45.0,13.692520709648546,3,0,3,72,24.0,0,0.0,40.50516332755854,38.095238095238095
AE,pm10,µg/m³,2024-08-17,45.0,24.83697913752662,1,0,1,24,24.0,0,0.0,28.878636092897185,14.285714285714285
AE,pm10,µg/m³,2024-08-04,45.0,45.92391304808538,1,1,1,23,23.0,0,100.0,49.452807956095405,57.14285714285714
AE,pm10,µg/m³,2024-07-28,45.0,29.598611050181923,1,0,1,24,24.0,0,0.0,48.819687183112535,75.0
AE,pm10,µg/m³,2024-08-22,45.0,21.629166662693024,1,0,1,24,24.0,0,0.0,25.606168663469177,14.285714285714285
AE,pm10,µg/m³,2024-09-15,45.0,66.23125001457002,1,1,1,24,24.0,0,100.0,59.4354476757653,71.42857142857143
AE,pm10,µg/m³,2024-10-17,45.0,11.154456004983297,3,0,3,72,24.0,0,0.0,37.0682921533738,36.84210526315789
AE,pm10,µg/m³,2024-11-17,45.0,49.113387388211706,3,3,3,72,24.0,0,100.0,52.3721703471753,71.42857142857143
AE,pm10,µg/m³,2025-01-05,45.0,42.57450349911729,3,1,3,69,23.0,0,33.33333333333333,41.04909792645385,33.33333333333333
AE,pm10,µg/m³,2024-12-11,45.0,20.425795767594263,3,0,3,72,24.0,0,0.0,38.95761695163328,26.08695652173913
AE,pm10,µg/m³,2024-12-09,45.0,17.840756938413335,3,0,3,72,24.0,0,0.0,38.03635019263945,26.08695652173913
AE,pm10,µg/m³,2024-09-03,45.0,19.94513887498114,1,0,1,24,24.0,0,0.0,55.444560073040144,42.857142857142854
AE,pm10,µg/m³,2024-08-10,45.0,17.4319097439448,1,0,1,24,24.0,0,0.0,30.153361554323137,14.285714285714285
AE,pm10,µg/m³,2024-11-15,45.0,37.40196755638829,3,0,3,72,24.0,0,0.0,60.171537444613314,85.71428571428571
AE,pm10,µg/m³,2024-11-02,45.0,71.0058449683366,3,3,3,72,24.0,0,100.0,44.98040126011801,52.38095238095239
AE,pm10,µg/m³,2024-10-27,45.0,21.004513898933375,3,0,3,72,24.0,0,0.0,45.97538971396658,42.857142857142854
AE,pm10,µg/m³,2024-08-25,45.0,31.704166611035664,1,0,1,24,24.0,0,0.0,23.686921278399133,0.0
AE,pm10,µg/m³,2024-08-03,45.0,62.43735133844709,1,1,1,24,24.0,0,100.0,47.12062195639491,42.857142857142854
AE,pm10,µg/m³,2024-08-13,45.0,22.31788198153178,1,0,1,24,24.0,0,0.0,24.503649134192113,0.0
AE,pm10,µg/m³,2025-01-13,45.0,53.034735255083135,3,3,3,21,7.0,0,100.0,44.717657414499044,57.14285714285714
AE,pm10,µg/m³,2024-08-15,45.0,30.482291645473907,1,0,1,24,24.0,0,0.0,24.061903760028056,0.0
AE,pm10,µg/m³,2024-09-18,45.0,56.42673618925942,1,1,1,24,24.0,0,100.0,50.9953139808888,71.42857142857143
AE,pm10,µg/m³,2024-09-06,45.0,60.288333341810436,1,1,1,15,15.0,0,100.0,26.599938342678033,14.285714285714285
AE,pm10,µg/m³,2024-08-24,45.0,25.98692123757468,1,0,1,24,24.0,0,0.0,22.97871872548331,0.0
AE,pm10,µg/m³,2024-08-19,45.0,24.600173645549354,1,0,1,24,24.0,0,0.0,28.79393716868565,14.285714285714285
AE,pm10,µg/m³,2024-08-16,45.0,46.7992096857419,1,1,1,24,24.0,0,100.0,27.820769036671212,14.285714285714285
AE,pm10,µg/m³,2024-08-26,45.0,60.97083342075347,1,1,1,24,24.0,0,100.0,28.882729817714008,14.285714285714285
AE,pm10,µg/m³,2024-11-23,45.0,61.29347997020792,3,3,3,72,24.0,0,100.0,60.9105875101039,100.0
AE,pm10,µg/m³,2024-11-24,45.0,36.41564429137442,3,0,3,72,24.0,0,0.0,59.09662421055572,85.71428571428571
AE,pm10,µg/m³,2025-01-03,45.0,33.937602271385465,3,0,3,72,24.0,0,0.0,45.96064298619122,47.61904761904761
AE,pm10,µg/m³,2024-10-31,45.0,57.087326517811526,3,3,3,72,24.0,0,100.0,37.72812108751004,38.095238095238095
AE,pm10,µg/m³,2024-09-27,45.0,83.00428260697258,1,1,1,24,24.0,0,100.0,68.74128641874071,71.42857142857143
AE,pm10,µg/m³,2024-09-24,45.0,79.68819444709355,1,1,1,24,24.0,0,100.0,56.80401786357638,71.42857142857143
AE,pm10,µg/m³,2024-08-29,45.0,99.89513880676691,1,1,1,24,24.0,0,100.0,67.80591543985709,57.14285714285714
AE,pm10,µg/m³,2024-08-20,45.0,19.770833339956067,1,0,1,24,24.0,0,0.0,28.430073077031974,14.285714285714285
AE,pm10,µg/m³,2024-09-21,45.0,43.53489572472043,1,0,1,24,24.0,0,0.0,56.0697420665196,85.71428571428571
AE,pm10,µg/m³,2024-11-04,45.0,63.355690496939204,3,3,3,72,24.0,0,100.0,58.71996804851073,80.95238095238095
AE,pm10,µg/m³,2024-11-30,45.0,17.847440196684115,3,0,3,72,24.0,0,0.0,34.29858621705514,23.809523809523807
AE,pm10,µg/m³,2024-12-19,45.0,47.6827131399402,3,3,3,72,24.0,0,100.0,38.952362110560934,28.57142857142857
AE,pm10,µg/m³,2024-11-27,45.0,48.03329455720054,3,3,3,72,24.0,0,100.0,54.28047281027471,66.66666666666666
AE,pm10,µg/m³,2024-10-26,45.0,35.886689825190444,3,0,3,72,24.0,0,0.0,52.50401899542119,57.14285714285714
AE,pm10,µg/m³,2024-10-08,45.0,20.37489196304922,3,0,3,68,22.666666666666668,0,0.0,29.183081224547877,0.0
AE,pm10,µg/m³,2024-10-06,45.0,38.717214914790375,2,0,2,38,19.0,0,0.0,29.384597158285114,0.0
AE,pm10,µg/m³,2024-09-04,45.0,14.88293651172093,1,0,1,21,21.0,0,0.0,40.237691265385166,28.57142857142857
AE,pm10,µg/m³,2024-09-22,45.0,41.60781251059638,1,0,1,24,24.0,0,0.0,52.55210813738051,71.42857142857143
AE,pm10,µg/m³,2024-11-13,45.0,74.2748842301192,3,3,3,68,22.666666666666668,0,100.0,63.27020093931379,100.0
AE,pm10,µg/m³,2024-11-07,45.0,67.63223391109042,3,3,3,72,24.0,0,100.0,64.85312498814214,100.0
AE,pm10,µg/m³,2024-09-12,45.0,34.096354239516785,1,0,1,24,24.0,0,0.0,61.52440455893933,85.71428571428571
AE,pm10,µg/m³,2024-10-12,45.0,55.155179305209046,2,2,2,48,24.0,0,100.0,40.402254688512464,44.44444444444444
AE,pm10,µg/m³,2024-11-20,45.0,57.923784794630826,3,3,3,72,24.0,0,100.0,49.342796518255476,71.42857142857143
AE,pm10,µg/m³,2024-12-23,45.0,51.37511697301158,3,3,3,72,24.0,0,100.0,43.93217302706402,52.38095238095239
AE,pm10,µg/m³,2024-11-21,45.0,66.86664730751956,3,3,3,72,24.0,0,100.0,49.043513003362236,71.42857142857143
AE,pm10,µg/m³,2024-08-07,45.0,36.92465272876951,1,0,1,24,24.0,0,0.0,46.42262438253152,42.857142857142854
AE,pm10,µg/m³,2024-07-30,45.0,45.59374999999999,1,1,1,24,24.0,0,100.0,46.92348360159483,66.66666666666666
AE,pm10,µg/m³,2024-10-18,45.0,18.037673625957083,3,0,3,72,24.0,0,0.0,31.350839108060157,21.052631578947366
AE,pm10,µg/m³,2024-10-25,45.0,47.861353620908304,3,3,3,72,24.0,0,100.0,52.67514167631737,57.14285714285714
AE,pm10,µg/m³,2024-11-03,45.0,77.48275465656211,3,3,3,72,24.0,0,100.0,53.048721368350684,66.66666666666666
AE,pm10,µg/m³,2024-12-04,45.0,20.80426526014452,3,0,3,72,24.0,0,0.0,23.78398553773242,0.0
AE,pm10,µg/m³,2024-11-28,45.0,38.96750404934089,3,0,3,72,24.0,0,0.0,50.294880916249184,52.38095238095239
AE,pm10,µg/m³,2024-11-14,45.0,68.96163191177227,3,3,3,72,24.0,0,100.0,63.46011493941119,100.0
AE,pm10,µg/m³,2024-10-24,45.0,31.16778260524626,3,0,3,72,24.0,0,0.0,48.414615962752904,42.857142857142854
AE,pm10,µg/m³,2024-10-03,45.0,38.142013880941604,1,0,1,24,24.0,0,0.0,42.88153935259297,28.57142857142857
AE,pm10,µg/m³,2024-08-23,45.0,27.25711801979277,1,0,1,24,24.0,0,0.0,22.814441282619303,0.0
AE,pm10,µg/m³,2024-08-05,45.0,41.336979051431015,1,0,1,24,24.0,0,0.0,49.548318838140005,57.14285714285714
AE,pm10,µg/m³,2024-09-05,45.0,20.12881946067015,1,0,1,24,24.0,0,0.0,28.84250278737134,14.285714285714285
AE,pm10,µg/m³,2025-01-12,45.0,30.844583325915867,3,0,3,6,2.0,0,0.0,43.93612283825013,52.38095238095239
AE,pm10,µg/m³,2024-08-27,45.0,107.49621181777029,1,1,1,22,22.0,0,100.0,41.41492674311604,28.57142857142857
AE,pm10,µg/m³,2024-10-11,45.0,58.059844943152534,3,3,3,53,17.666666666666668,0,100.0,36.13236300037942,33.33333333333333
AE,pm10,µg/m³,2024-10-16,45.0,15.17484567600682,3,0,3,72,24.0,0,0.0,42.77707743862062,52.63157894736842
AE,pm10,µg/m³,2024-12-02,45.0,35.838182279357206,3,0,3,72,24.0,0,0.0,29.797136195816393,14.285714285714285
AE,pm10,µg/m³,2024-10-14,45.0,35.63682486436985,3,0,3,63,21.0,0,0.0,44.59022889522648,52.63157894736842
AE,pm10,µg/m³,2025-01-07,45.0,42.050177625745356,3,1,3,57,19.0,0,33.33333333333333,34.39316167120499,19.047619047619047
AE,pm10,µg/m³,2024-11-08,45.0,60.42201001997347,3,3,3,72,24.0,0,100.0,64.41224646442151,100.0
AE,pm10,µg/m³,2024-10-15,45.0,29.68827160640999,3,0,3,72,24.0,0,0.0,45.92071170142088,52.63157894736842
AE,pm10,µg/m³,2024-10-21,45.0,83.5822723529957,3,3,3,72,24.0,0,100.0,37.34671238956175,28.57142857142857
AE,pm10,µg/m³,2024-09-26,45.0,90.16875007417468,1,1,1,24,24.0,0,100.0,64.57891865665951,71.42857142857143
AE,pm10,µg/m³,2024-08-14,45.0,25.774275344351064,1,0,1,23,23.0,0,0.0,22.910738079275195,0.0
AE,pm10,µg/m³,2024-12-20,45.0,50.887004472591265,3,3,3,72,24.0,0,100.0,41.7081562405507,42.857142857142854
AE,pm10,µg/m³,2024-09-09,45.0,63.661110877990716,1,1,1,24,24.0,0,100.0,41.38639664337072,57.14285714285714
AE,pm10,µg/m³,2024-09-20,45.0,53.86770827240414,1,1,1,24,24.0,0,100.0,57.479985120750605,100.0
AE,pm10,µg/m³,2024-12-26,45.0,69.59234486244343,3,3,3,72,24.0,0,100.0,54.75615107015012,80.95238095238095
AE,pm10,µg/m³,2025-01-02,45.0,13.759098128926775,3,0,3,72,24.0,0,0.0,47.36575752200156,52.38095238095239
AE,pm10,µg/m³,2024-11-12,45.0,56.76697879126578,3,3,3,72,24.0,0,100.0,60.92147131095774,100.0
AE,pm10,µg/m³,2024-08-01,45.0,42.139236052831016,1,0,1,24,24.0,0,0.0,43.44994031996296,42.857142857142854
AE,pm10,µg/m³,2024-10-20,45.0,66.7049188691157,3,3,3,72,24.0,0,100.0,30.497362748329486,14.285714285714285
AE,pm10,µg/m³,2024-11-09,45.0,63.583969968336596,3,3,3,72,24.0,0,100.0,63.35197860727865,100.0
AE,pm10,µg/m³,2024-09-29,45.0,33.18854166401757,1,0,1,24,24.0,0,0.0,72.26576557708165,85.71428571428571
AE,pm10,µg/m³,2024-11-01,45.0,63.50815968601792,3,3,3,72,24.0,0,100.0,39.96337909681141,38.095238095238095
AE,pm10,µg/m³,2024-12-28,45.0,43.691965266510294,3,1,3,72,24.0,0,33.33333333333333,53.911017844159765,66.66666666666666
AE,pm10,µg/m³,2025-01-10,45.0,48.93909359971683,3,3,3,72,24.0,0,100.0,45.29909936432288,57.14285714285714
AE,pm10,µg/m³,2025-01-11,45.0,27.50377776887682,3,0,3,42,14.0,0,0.0,45.611825720136046,57.14285714285714
AE,pm10,µg/m³,2024-12-22,45.0,38.56091034633142,3,0,3,72,24.0,0,0.0,40.8082209750006,38.095238095238095
AE,pm10,µg/m³,2024-10-09,45.0,37.18028551560861,3,0,3,72,24.0,0,0.0,30.892764875169537,0.0
AE,pm10,µg/m³,2024-11-05,45.0,53.15341436642187,3,3,3,72,24.0,0,100.0,61.71933147705421,95.23809523809523
AE,pm10,µg/m³,2025-01-01,45.0,35.55206367373467,3,0,3,72,24.0,0,0.0,55.341935626789656,66.66666666666666
AE,pm10,µg/m³,2024-12-10,45.0,29.810858982580676,3,0,3,72,24.0,0,0.0,39.011684021997596,26.08695652173913
AE,pm10,µg/m³,2024-12-07,45.0,49.97963286836942,4,3,4,77,19.25,0,75.0,39.002095351135935,27.27272727272727
AE,pm10,µg/m³,2024-08-09,45.0,20.487152749239797,1,0,1,24,24.0,0,0.0,36.58271035353775,28.57142857142857
AE,pm10,µg/m³,2024-12-27,45.0,43.77340402205785,3,1,3,72,24.0,0,33.33333333333333,53.73992243435963,71.42857142857143
AE,pm10,µg/m³,2024-12-30,45.0,69.55401285904944,3,3,3,65,21.666666666666668,0,100.0,59.36759391111115,80.95238095238095
AE,pm10,µg/m³,2024-08-08,45.0,22.424131880203877,1,0,1,24,24.0,0,0.0,43.606180929299065,42.857142857142854
AE,pm10,µg/m³,2024-07-29,45.0,40.66840287711885,1,0,1,24,24.0,0,0.0,47.1894303219138,60.0
AE,pm10,µg/m³,2024-07-26,45.0,54.005439678827926,1,1,1,24,24.0,0,100.0,56.64577534905187,100.0
AE,pm10,µg/m³,2024-09-02,45.0,16.88055557012558,1,0,1,24,24.0,0,0.0,67.9518562077243,57.14285714285714
AE,pm10,µg/m³,2024-09-10,45.0,91.18928549024793,1,1,1,21,21.0,0,100.0,51.56413187412312,71.42857142857143
AE,pm10,µg/m³,2024-12-01,45.0,16.354464091877972,3,0,3,72,24.0,0,0.0,31.432703331412792,23.809523809523807
AE,pm10,µg/m³,2025-01-09,45.0,63.8389108814479,3,3,3,69,23.0,0,100.0,43.156029174561255,42.857142857142854
AE,pm10,µg/m³,2024-08-21,45.0,14.86006943219238,1,0,1,24,24.0,0,0.0,26.870900803866448,14.285714285714285
AE,pm10,µg/m³,2024-09-07,45.0,63.91770826445685,1,1,1,24,24.0,0,100.0,31.23565262905459,28.57142857142857
AE,pm10,µg/m³,2024-10-10,45.0,51.115953001711105,3,3,3,72,24.0,0,100.0,32.74618474956518,17.647058823529413
AE,pm10,µg/m³,2024-10-30,45.0,46.442129647290265,3,2,3,72,24.0,0,66.66666666666666,34.02532910000071,23.809523809523807
AE,pm10,µg/m³,2024-12-05,45.0,40.60943925822223,3,0,3,72,24.0,0,0.0,24.018547710429754,0.0
AE,pm10,µg/m³,2024-11-26,45.0,37.846547486605466,3,0,3,72,24.0,0,0.0,55.69339998705046,66.66666666666666
AE,pm10,µg/m³,2024-10-23,45.0,41.05270059958652,3,0,3,72,24.0,0,0.0,45.55556930557248,42.857142857142854
AE,pm10,µg/m³,2024-10-04,45.0,34.35659718745285,2,0,2,39,19.5,0,0.0,35.93187000694729,12.5
AE,pm10,µg/m³,2024-09-19,45.0,62.44756942325169,1,1,1,24,24.0,0,100.0,55.04548757856522,85.71428571428571
AE,pm10,µg/m³,2024-09-17,45.0,48.974305556880104,1,1,1,24,24.0,0,100.0,53.025396029078564,71.42857142857143
AE,pm10,µg/m³,2024-08-31,45.0,31.46770825982094,1,0,1,24,24.0,0,0.0,75.55019450515952,71.42857142857143
AE,pm10,µg/m³,2024-09-23,45.0,60.05520847770902,1,1,1,24,24.0,0,100.0,52.41631945068874,71.42857142857143
AE,pm10,µg/m³,2024-12-31,45.0,66.65171177477865,3,3,3,67,22.333333333333332,0,100.0,60.08937679973635,80.95238095238095
AE,pm10,µg/m³,2024-12-12,45.0,16.56242767583441,3,0,3,72,24.0,0,0.0,35.52232958272073,26.08695652173913
AE,pm10,µg/m³,2024-11-19,45.0,50.73348758176521,3,3,3,72,24.0,0,100.0,51.67866786618239,71.42857142857143
AE,pm10,µg/m³,2024-12-13,45.0,31.596445562662904,3,0,3,72,24.0,0,0.0,27.686798731257362,13.043478260869565
AE,pm10,µg/m³,2024-10-01,45.0,21.72743054231008,1,0,1,24,24.0,0,0.0,58.58783897000646,57.14285714285714
AE,pm10,µg/m³,2024-09-28,45.0,76.6255206796858,1,1,1,24,24.0,0,100.0,73.46851855516434,85.71428571428571
AE,pm10,µg/m³,2025-01-06,45.0,47.56399322134076,3,2,3,51,17.0,0,66.66666666666666,37.90766654963832,28.57142857142857
AE,pm10,µg/m³,2024-11-22,45.0,82.22054383048304,3,3,3,72,24.0,0,100.0,55.44616675680434,85.71428571428571
AE,pm10,µg/m³,2024-11-11,45.0,57.043807855358835,3,3,3,72,24.0,0,100.0,60.405247821694324,100.0
AE,pm10,µg/m³,2024-07-31,45.0,39.75555559661653,1,0,1,24,24.0,0,0.0,45.89949388659793,57.14285714285714
AE,pm10,µg/m³,2024-07-27,45.0,52.388586984164476,1,1,1,23,23.0,0,100.0,55.22671256075607,100.0
AE,pm10,µg/m³,2024-10-22,45.0,61.27241509490542,3,3,3,72,24.0,0,100.0,41.85873288791824,42.857142857142854
AE,pm10,µg/m³,2024-10-05,45.0,25.26593748827775,2,0,2,40,20.0,0,0.0,28.594786693889,0.0
AE,pm10,µg/m³,2024-09-13,45.0,36.826225477106426,1,0,1,17,17.0,0,0.0,58.17267486398162,71.42857142857143
AE,pm10,µg/m³,2024-09-08,45.0,46.88072917196486,1,1,1,24,24.0,0,100.0,34.703460170818566,42.857142857142854
AE,pm10,µg/m³,2024-08-11,45.0,22.826388912068474,1,0,1,24,24.0,0,0.0,26.853715249177867,0.0
AE,pm10,µg/m³,2024-07-25,45.0,59.28611101927581,1,1,1,9,9.0,0,100.0,59.28611101927581,100.0
AE,pm10,µg/m³,2024-10-02,45.0,25.212499961256984,1,0,1,24,24.0,0,0.0,50.31393023734055,42.857142857142854
AE,pm25,µg/m³,2026-06-25,15.0,51.07083333333333,8,8,8,184,22.999999999999996,0,100.0,40.296123593668234,98.11320754716981
AE,pm25,µg/m³,2026-08-18,15.0,28.332812500000003,8,8,8,192,24.0,0,100.0,48.99710884353741,100.0
AE,pm25,µg/m³,2024-08-25,15.0,27.45069440537028,1,1,1,24,24.0,0,100.0,20.558688818225782,85.71428571428571
AE,pm25,µg/m³,2024-09-29,15.0,29.74843746754858,1,1,1,24,24.0,0,100.0,66.43791334260078,100.0
AE,pm25,µg/m³,2025-01-09,15.0,55.807399717506,3,3,3,69,23.0,0,100.0,38.47661400900555,100.0
AE,pm25,µg/m³,2026-06-21,15.0,48.45178571428571,7,7,7,168,24.0,0,100.0,33.25232142857143,97.91666666666666
AE,pm25,µg/m³,2026-05-26,15.0,46.784523809523805,7,7,7,168,24.0,0,100.0,35.73258928571428,72.0
AE,pm25,µg/m³,2026-05-05,15.0,46.779062499999995,8,8,8,188,23.5,0,100.0,32.349539522977025,100.0
AE,pm25,µg/m³,2025-03-22,15.0,17.585489131913786,3,3,3,64,21.333333333333332,0,100.0,50.003641690291374,100.0
AE,pm25,µg/m³,2025-03-23,15.0,25.574927081828832,3,3,3,65,21.666666666666668,0,100.0,47.27691202057364,100.0
AE,pm25,µg/m³,2026-08-19,15.0,26.359375,8,8,8,192,24.0,0,100.0,45.29301658163265,100.0
AE,pm25,µg/m³,2026-07-31,15.0,44.596875000000004,8,8,8,192,24.0,0,100.0,42.62105654761905,100.0
AE,pm25,µg/m³,2026-06-16,15.0,21.87369047619048,7,7,7,154,21.999999999999996,0,100.0,45.137663690476195,100.0
AE,pm25,µg/m³,2026-06-01,15.0,22.452380952380953,7,7,7,168,24.0,0,100.0,36.979166666666664,100.0
AE,pm25,µg/m³,2024-09-16,15.0,50.0930556125111,1,1,1,24,24.0,0,100.0,51.804407540678284,100.0
AE,pm25,µg/m³,2024-10-02,15.0,23.04444445338514,1,1,1,24,24.0,0,100.0,46.091013558327205,100.0
AE,pm25,µg/m³,2024-12-07,15.0,43.973685678508545,4,4,4,77,19.25,0,100.0,35.38072098596681,95.45454545454545
AE,pm25,µg/m³,2024-12-31,15.0,59.368833055319605,3,3,3,67,22.333333333333332,0,100.0,52.53504713341858,100.0
AE,pm25,µg/m³,2025-02-16,15.0,30.989534451905325,3,3,3,72,24.0,0,100.0,28.927660838240637,88.88888888888889
AE,pm25,µg/m³,2025-02-22,15.0,35.6372482114368,3,3,3,72,24.0,0,100.0,31.263969046062133,95.23809523809523
AE,pm25,µg/m³,2025-03-14,15.0,68.13942408561707,3,3,3,72,24.0,0,100.0,33.898835866145355,80.95238095238095
AE,pm25,µg/m³,2025-03-19,15.0,51.542511789887044,3,3,3,72,24.0,0,100.0,61.26375228026098,100.0
AE,pm25,µg/m³,2025-05-16,15.0,45.346348791486676,4,4,4,96,24.0,0,100.0,37.257368002759705,89.28571428571429
AE,pm25,µg/m³,2025-05-20,15.0,80.72774824439878,4,4,4,96,24.0,0,100.0,40.807842604153244,89.28571428571429
AE,pm25,µg/m³,2025-05-28,15.0,48.260212666651206,5,5,5,120,24.0,0,100.0,40.02771145961015,96.875
AE,pm25,µg/m³,2025-07-01,15.0,75.26862034613035,6,6,6,144,24.0,0,100.0,57.366605875775775,100.0
AE,pm25,µg/m³,2025-07-12,15.0,34.16429987266811,6,6,6,144,24.0,0,100.0,38.27154975419295,100.0
AE,pm25,µg/m³,2025-09-02,15.0,54.916553402388544,7,7,7,168,24.0,0,100.0,42.713680808657855,100.0
AE,pm25,µg/m³,2025-11-27,15.0,43.9476781007337,8,8,8,182,22.75,0,100.0,37.54472573579926,100.0
AE,pm25,µg/m³,2026-02-08,15.0,34.00776908015488,8,8,8,192,24.0,0,100.0,41.490555976606316,100.0
AE,pm25,µg/m³,2026-03-09,15.0,27.47361111111111,9,9,9,216,24.0,0,100.0,31.563690476190477,100.0
AE,pm25,µg/m³,2026-06-06,15.0,23.349404761904758,7,6,7,168,24.0,0,85.71428571428571,27.35535714285714,97.95918367346938
AE,pm25,µg/m³,2026-07-04,15.0,31.88177083333333,8,8,8,192,24.0,0,100.0,39.62631746777658,100.0
AE,pm25,µg/m³,2026-01-31,15.0,27.46428151887051,9,9,9,216,24.0,0,100.0,25.258781473186737,86.88524590163934
AE,pm25,µg/m³,2026-01-23,15.0,11.653501674632539,9,3,9,216,24.0,0,33.33333333333333,27.53469835761154,73.01587301587301
AE,pm25,µg/m³,2025-10-19,15.0,44.10633547488975,7,7,7,168,24.0,0,100.0,36.8383248530261,98.07692307692307
AE,pm25,µg/m³,2025-10-08,15.0,49.11227480089056,6,6,6,144,24.0,0,100.0,41.32841442379473,100.0
AE,pm25,µg/m³,2025-06-21,15.0,60.06967695333339,6,6,6,144,24.0,0,100.0,51.18630478354444,100.0
AE,pm25,µg/m³,2025-05-13,15.0,31.36877493917039,4,4,4,96,24.0,0,100.0,38.98791969843735,89.28571428571429
AE,pm25,µg/m³,2024-12-25,15.0,60.498917817186424,3,3,3,72,24.0,0,100.0,44.56748965977045,100.0
AE,pm25,µg/m³,2024-12-06,15.0,80.82187639710344,3,3,3,72,24.0,0,100.0,31.53395909480178,90.47619047619048
AE,pm25,µg/m³,2024-12-01,15.0,15.268913757538906,3,2,3,72,24.0,0,66.66666666666666,27.709742217069422,80.95238095238095
AE,pm25,µg/m³,2026-04-28,15.0,34.6015625,8,8,8,192,24.0,0,100.0,25.861453035291504,85.71428571428571
AE,pm25,µg/m³,2026-03-13,15.0,17.487037037037037,9,5,9,216,24.0,0,55.55555555555556,27.486772486772484,76.19047619047619
AE,pm25,µg/m³,2026-02-27,15.0,36.4,8,8,8,192,24.0,0,100.0,63.02534479020811,100.0
AE,pm25,µg/m³,2026-01-24,15.0,16.133253727319033,9,4,9,208,23.11111111111111,0,44.44444444444444,26.68538323008605,68.25396825396825
AE,pm25,µg/m³,2025-08-30,15.0,53.39074013131693,7,7,7,168,24.0,0,100.0,44.23456213259086,100.0
AE,pm25,µg/m³,2024-08-10,15.0,14.677118008335434,1,0,1,24,24.0,0,0.0,25.633955551067718,85.71428571428571
AE,pm25,µg/m³,2024-08-16,15.0,38.82067135950875,1,1,1,24,24.0,0,100.0,24.023892694464582,85.71428571428571
AE,pm25,µg/m³,2024-11-11,15.0,48.677488503632716,3,3,3,72,24.0,0,100.0,52.48754776627929,100.0
AE,pm25,µg/m³,2025-02-18,15.0,28.187632282134576,3,3,3,71,23.666666666666668,0,100.0,24.838536062436443,85.71428571428571
AE,pm25,µg/m³,2025-03-30,15.0,29.73356736920498,3,3,3,72,24.0,0,100.0,34.92498393813784,95.23809523809523
AE,pm25,µg/m³,2025-04-17,15.0,10.213773155377972,3,0,3,72,24.0,0,0.0,32.42899901780402,85.71428571428571
AE,pm25,µg/m³,2025-06-19,15.0,36.16226218144099,6,6,6,144,24.0,0,100.0,50.41729783050683,100.0
AE,pm25,µg/m³,2025-06-26,15.0,53.500446920081814,6,6,6,144,24.0,0,100.0,48.1929111777105,100.0
AE,pm25,µg/m³,2025-11-28,15.0,44.02749528010553,8,8,8,192,24.0,0,100.0,36.65253705438613,100.0
AE,pm25,µg/m³,2026-07-27,15.0,33.57031250000001,8,8,8,192,24.0,0,100.0,38.42232142857143,100.0
AE,pm25,µg/m³,2026-08-09,15.0,20.179166666666667,8,7,8,192,24.0,0,87.5,28.83154761904762,98.21428571428571
AE,pm25,µg/m³,2026-08-17,15.0,47.6547619047619,8,8,8,168,21.0,0,100.0,49.944802295918365,100.0
AE,pm25,µg/m³,2024-11-16,15.0,21.248726821332067,3,3,3,72,24.0,0,100.0,47.78628170885694,100.0
AE,pm25,µg/m³,2024-09-02,15.0,12.360937512583204,1,0,1,24,24.0,0,0.0,62.20078760159021,85.71428571428571
AE,pm25,µg/m³,2025-08-27,15.0,39.6093482895503,7,7,7,168,24.0,0,100.0,39.32768911723502,97.87234042553192
AE,pm25,µg/m³,2025-07-29,15.0,46.02477369540267,6,6,6,144,24.0,0,100.0,40.72484897840376,100.0
AE,pm25,µg/m³,2025-07-02,15.0,74.46511176639936,6,6,6,144,24.0,0,100.0,62.418365425182074,100.0
AE,pm25,µg/m³,2024-10-12,15.0,46.68211797542042,2,2,2,48,24.0,0,100.0,35.21478967719126,100.0
AE,pm25,µg/m³,2024-10-15,15.0,27.27671680847804,3,3,3,72,24.0,0,100.0,39.6697833211239,100.0
AE,pm25,µg/m³,2024-10-19,15.0,33.702777751066066,3,3,3,72,24.0,0,100.0,25.875905243643416,75.0
AE,pm25,µg/m³,2024-10-27,15.0,19.627256928218735,3,3,3,72,24.0,0,100.0,40.98916172516879,100.0
AE,pm25,µg/m³,2024-12-23,15.0,43.2909959687127,3,3,3,72,24.0,0,100.0,37.76928440353963,100.0
AE,pm25,µg/m³,2025-01-08,15.0,41.83694674657738,3,3,3,69,23.0,0,100.0,32.35514508364547,85.71428571428571
AE,pm25,µg/m³,2025-03-24,15.0,16.354140172862735,3,2,3,70,23.333333333333332,0,66.66666666666666,39.657936759265326,95.23809523809523
AE,pm25,µg/m³,2025-05-29,15.0,61.78073872661178,5,5,5,120,24.0,0,100.0,39.165302135733704,96.96969696969697
AE,pm25,µg/m³,2026-01-17,15.0,22.078459619997457,9,7,9,216,24.0,0,77.77777777777779,45.10031381401987,85.71428571428571
AE,pm25,µg/m³,2026-03-11,15.0,11.272222222222219,9,2,9,216,24.0,0,22.22222222222222,29.613955026455027,88.88888888888889
AE,pm25,µg/m³,2026-04-13,15.0,17.178645833333334,8,7,8,192,24.0,0,87.5,26.374744777030962,69.35483870967742
AE,pm25,µg/m³,2026-08-11,15.0,34.96666666666667,8,8,8,192,24.0,0,100.0,29.49010416666667,98.21428571428571
AE,pm25,µg/m³,2026-06-28,15.0,39.663690476190474,7,7,7,168,24.0,0,100.0,41.521752845368916,100.0
AE,pm25,µg/m³,2026-05-21,15.0,11.019642857142857,7,1,7,168,24.0,0,14.285714285714285,30.088804162969534,64.0
AE,pm25,µg/m³,2026-03-15,15.0,45.60462962962963,9,9,9,216,24.0,0,100.0,29.195833333333333,76.19047619047619
AE,pm25,µg/m³,2026-01-07,15.0,21.61118357857314,9,9,9,216,24.0,0,100.0,26.52958076320111,82.53968253968253
AE,pm25,µg/m³,2025-10-10,15.0,43.51142315413748,6,6,6,144,24.0,0,100.0,40.2015729821596,100.0
AE,pm25,µg/m³,2025-10-07,15.0,38.59567539767184,6,6,6,144,24.0,0,100.0,41.08563790179009,100.0
AE,pm25,µg/m³,2025-09-09,15.0,44.56098642724531,6,6,6,144,24.0,0,100.0,34.776758257707165,100.0
AE,pm25,µg/m³,2025-08-15,15.0,35.68003661654613,6,6,6,144,24.0,0,100.0,30.224564238349195,90.47619047619048
AE,pm25,µg/m³,2025-04-12,15.0,35.13084023087113,3,3,3,72,24.0,0,100.0,31.30342436816226,100.0
AE,pm25,µg/m³,2025-05-31,15.0,21.61001299604623,5,5,5,120,24.0,0,100.0,40.99617098560716,97.14285714285714
AE,pm25,µg/m³,2025-05-18,15.0,35.42464569264266,4,4,4,85,21.25,0,100.0,29.544304408184193,89.28571428571429
AE,pm25,µg/m³,2025-05-05,15.0,40.84045836669628,4,4,4,96,24.0,0,100.0,36.1917181942327,100.0
AE,pm25,µg/m³,2024-07-27,15.0,45.44057976681253,1,1,1,23,23.0,0,100.0,47.1599579649591,100.0
AE,pm25,µg/m³,2024-11-26,15.0,33.33165683348973,3,3,3,72,24.0,0,100.0,48.84153437890389,100.0
AE,pm25,µg/m³,2024-12-19,15.0,40.49980618335582,3,3,3,72,24.0,0,100.0,33.536351009370875,100.0
AE,pm25,µg/m³,2025-01-04,15.0,23.601853598047185,3,3,3,72,24.0,0,100.0,38.54922569677555,85.71428571428571
AE,pm25,µg/m³,2025-04-25,15.0,89.92237205968962,4,4,4,73,18.25,0,100.0,48.59339955893774,100.0
AE,pm25,µg/m³,2025-07-08,15.0,42.275044894983935,6,6,6,138,23.0,0,100.0,41.51504784452699,100.0
AE,pm25,µg/m³,2025-07-14,15.0,32.45743923501334,6,6,6,144,24.0,0,100.0,40.03568363064404,100.0
AE,pm25,µg/m³,2025-08-08,15.0,22.1974379900429,6,6,6,144,24.0,0,100.0,23.906210733456923,100.0
AE,pm25,µg/m³,2025-08-09,15.0,22.650236217512028,6,6,6,144,24.0,0,100.0,22.777285213182186,100.0
AE,pm25,µg/m³,2025-08-23,15.0,37.330704443810305,7,7,7,158,22.571428571428573,0,100.0,24.139076555264456,97.67441860465115
AE,pm25,µg/m³,2025-10-16,15.0,32.73918900601928,8,8,8,185,23.125,0,100.0,42.48096840600111,97.87234042553192
AE,pm25,µg/m³,2025-11-04,15.0,43.17995281237774,7,7,7,168,24.0,0,100.0,46.58606037399424,100.0
AE,pm25,µg/m³,2025-11-12,15.0,36.51433037551342,6,6,6,108,18.0,0,100.0,30.258222848499795,81.25
AE,pm25,µg/m³,2025-12-01,15.0,55.08239980264528,8,8,8,184,23.0,0,100.0,44.01096809492178,100.0
AE,pm25,µg/m³,2026-02-28,15.0,57.795138888888886,9,9,9,208,23.111111111111107,0,100.0,63.746152308882145,100.0
AE,pm25,µg/m³,2026-03-10,15.0,33.694907407407406,9,9,9,216,24.0,0,100.0,31.931613756613757,100.0
AE,pm25,µg/m³,2026-03-30,15.0,15.254166666666666,9,6,9,216,24.0,0,66.66666666666666,7.115911306042885,11.11111111111111
AE,pm25,µg/m³,2026-05-19,15.0,18.064285714285713,7,5,7,168,24.0,0,71.42857142857143,27.235381543921918,79.59183673469387
AE,pm25,µg/m³,2026-06-29,15.0,54.335115131578945,8,8,8,187,23.375000000000004,0,100.0,41.85827112423917,100.0
AE,pm25,µg/m³,2026-07-21,15.0,39.38125000000001,8,8,8,192,24.0,0,100.0,31.62767857142857,100.0
AE,pm25,µg/m³,2026-08-07,15.0,40.61510416666666,8,8,8,192,24.0,0,100.0,37.761830357142856,100.0
AE,pm25,µg/m³,2024-09-19,15.0,53.9435763888889,1,1,1,24,24.0,0,100.0,46.65946256585705,100.0
AE,pm25,µg/m³,2024-08-14,15.0,22.9364734041518,1,1,1,23,23.0,0,100.0,19.88062352534594,85.71428571428571
AE,pm25,µg/m³,2024-12-26,15.0,59.77506769586492,3,3,3,72,24.0,0,100.0,47.32109844727175,100.0
AE,pm25,µg/m³,2024-12-05,15.0,34.98082814724357,3,3,3,72,24.0,0,100.0,21.858761524158265,80.95238095238095
AE,pm25,µg/m³,2026-07-24,15.0,44.237500000000004,8,8,8,192,24.0,0,100.0,35.42552083333334,100.0
AE,pm25,µg/m³,2026-03-23,15.0,11.69027777777778,9,1,9,216,24.0,0,11.11111111111111,21.039550264550265,69.84126984126983
AE,pm25,µg/m³,2025-12-23,15.0,20.858873292963093,9,8,9,206,22.88888888888889,0,88.88888888888889,23.613672540857614,88.70967741935483
AE,pm25,µg/m³,2025-12-16,15.0,9.021557419493396,9,0,9,216,24.0,0,0.0,24.037560994401048,81.9672131147541
AE,pm25,µg/m³,2025-11-02,15.0,51.77849617777573,7,7,7,168,24.0,0,100.0,51.293734199553796,100.0
AE,pm25,µg/m³,2024-11-24,15.0,31.77733407031607,3,3,3,72,24.0,0,100.0,51.60510911299754,100.0
AE,pm25,µg/m³,2024-08-28,15.0,115.33796282167788,1,1,1,9,9.0,0,100.0,52.021381218855396,100.0
AE,pm25,µg/m³,2024-09-22,15.0,36.0947916176584,1,1,1,24,24.0,0,100.0,44.64878474909162,100.0
AE,pm25,µg/m³,2024-10-01,15.0,19.869791679912144,1,1,1,24,24.0,0,100.0,53.79723874373095,100.0
AE,pm25,µg/m³,2024-10-16,15.0,14.566107261822456,3,1,3,72,24.0,0,33.33333333333333,36.85371189363754,89.47368421052632
AE,pm25,µg/m³,2024-10-18,15.0,17.35634645626501,3,3,3,72,24.0,0,100.0,27.730096704265467,73.68421052631578
AE,pm25,µg/m³,2024-10-26,15.0,31.822714180306154,3,3,3,72,24.0,0,100.0,46.82430006793091,100.0
AE,pm25,µg/m³,2025-05-09,15.0,52.00519840584861,4,4,4,96,24.0,0,100.0,32.389544832198744,89.28571428571429
AE,pm25,µg/m³,2025-06-30,15.0,70.35046031519218,6,6,6,144,24.0,0,100.0,51.331480286030775,100.0
AE,pm25,µg/m³,2025-10-23,15.0,46.54662507272787,7,7,7,168,24.0,0,100.0,38.488564657883565,100.0
AE,pm25,µg/m³,2026-02-25,15.0,69.00208333333333,8,8,8,192,24.0,0,100.0,59.09096235032285,98.21428571428571
AE,pm25,µg/m³,2026-03-01,15.0,41.51435185185185,9,9,9,216,24.0,0,100.0,60.470153704541495,100.0
AE,pm25,µg/m³,2026-04-06,15.0,14.665277777777778,9,6,9,216,24.0,0,66.66666666666666,29.550595238095237,88.88888888888889
AE,pm25,µg/m³,2026-06-04,15.0,26.675,7,7,7,168,24.0,0,100.0,29.97159863945578,100.0
AE,pm25,µg/m³,2025-07-18,15.0,31.452830057453223,6,6,6,144,24.0,0,100.0,39.19884911114319,100.0
AE,pm25,µg/m³,2025-07-11,15.0,50.221838018941796,6,6,6,144,24.0,0,100.0,39.604115558610225,100.0
AE,pm25,µg/m³,2025-05-25,15.0,33.999149637888,5,4,5,97,19.4,0,80.0,59.74140624122421,96.55172413793103
AE,pm25,µg/m³,2025-05-10,15.0,69.71516628728972,4,4,4,96,24.0,0,100.0,37.40340554299181,89.28571428571429
AE,pm25,µg/m³,2025-03-29,15.0,33.433832881627254,3,3,3,72,24.0,0,100.0,34.33089246851268,95.23809523809523
AE,pm25,µg/m³,2024-11-15,15.0,33.60943283637364,3,3,3,72,24.0,0,100.0,52.60596589284083,100.0
AE,pm25,µg/m³,2024-11-14,15.0,61.81533567110697,3,3,3,72,24.0,0,100.0,55.42755705281024,100.0
AE,pm25,µg/m³,2024-11-10,15.0,55.149177001582245,3,3,3,72,24.0,0,100.0,53.52661024861866,100.0
AE,pm25,µg/m³,2024-11-02,15.0,64.12656238785497,3,3,3,72,24.0,0,100.0,40.0004023136916,100.0
AE,pm25,µg/m³,2025-04-28,15.0,25.437549616727566,4,4,4,96,24.0,0,100.0,49.40560052577924,100.0
AE,pm25,µg/m³,2024-08-17,15.0,21.4760416911708,1,1,1,24,24.0,0,100.0,24.995167506298205,100.0
AE,pm25,µg/m³,2024-08-21,15.0,11.292881954047417,1,0,1,24,24.0,0,0.0,22.93992545989476,85.71428571428571
AE,pm25,µg/m³,2024-09-06,15.0,51.639722209506566,1,1,1,15,15.0,0,100.0,21.861109681971488,71.42857142857143
AE,pm25,µg/m³,2024-11-01,15.0,54.41168980245237,3,3,3,72,24.0,0,100.0,35.38556685547034,100.0
AE,pm25,µg/m³,2025-02-25,15.0,9.594358754857087,3,0,3,72,24.0,0,0.0,31.336833195873627,85.71428571428571
AE,pm25,µg/m³,2025-05-12,15.0,35.03043896042639,4,4,4,96,24.0,0,100.0,37.781786375315164,89.28571428571429
AE,pm25,µg/m³,2025-07-23,15.0,54.17879637174735,6,6,6,144,24.0,0,100.0,38.571151551625775,100.0
AE,pm25,µg/m³,2025-07-27,15.0,30.78331522588377,6,6,6,144,24.0,0,100.0,39.254113713221784,100.0
AE,pm25,µg/m³,2025-08-13,15.0,38.09498579624526,6,6,6,144,24.0,0,100.0,22.769186191653592,90.47619047619048
AE,pm25,µg/m³,2025-08-25,15.0,51.79774071489062,7,7,7,168,24.0,0,100.0,33.52048811784989,97.77777777777777
AE,pm25,µg/m³,2025-08-29,15.0,29.756536299790138,7,7,7,168,24.0,0,100.0,41.94027132008991,100.0
AE,pm25,µg/m³,2025-12-05,15.0,55.9333240847856,8,8,8,167,20.875,0,100.0,62.662426064291935,100.0
AE,pm25,µg/m³,2026-02-22,15.0,64.44634208223636,8,8,8,192,24.0,0,100.0,33.96293895802027,94.33962264150944
AE,pm25,µg/m³,2026-04-23,15.0,15.158854166666668,8,5,8,192,24.0,0,62.5,32.29027250774452,94.44444444444444
AE,pm25,µg/m³,2026-05-20,15.0,83.89895833333333,8,5,8,169,21.124999999999996,0,62.5,31.43327695208518,74.0
AE,pm25,µg/m³,2026-07-01,15.0,32.640625,8,8,8,192,24.0,0,100.0,42.291827671858215,100.0
AE,pm25,µg/m³,2025-03-26,15.0,37.990033374892334,3,3,3,72,24.0,0,100.0,31.366109705910453,95.23809523809523
AE,pm25,µg/m³,2024-09-23,15.0,54.30954850382276,1,1,1,24,24.0,0,100.0,45.25114087642186,100.0
AE,pm25,µg/m³,2025-06-14,15.0,48.475252508013334,6,6,6,144,24.0,0,100.0,34.15180321707423,100.0
AE,pm25,µg/m³,2025-06-28,15.0,41.84980402589543,6,6,6,143,23.833333333333336,0,100.0,47.53212872119881,100.0
AE,pm25,µg/m³,2026-02-11,15.0,55.27932160467278,6,6,6,144,24.0,0,100.0,43.240485974243505,100.0
AE,pm25,µg/m³,2026-04-17,15.0,27.746354166666666,8,8,8,192,24.0,0,100.0,22.538929631528315,70.6896551724138
AE,pm25,µg/m³,2026-07-20,15.0,38.69322916666667,8,8,8,192,24.0,0,100.0,35.952752976190474,100.0
AE,pm25,µg/m³,2026-05-01,15.0,31.91904761904762,7,7,7,168,24.0,0,100.0,30.500500407330765,100.0
AE,pm25,µg/m³,2026-03-05,15.0,27.299074074074078,9,9,9,216,24.0,0,100.0,35.893287037037034,100.0
AE,pm25,µg/m³,2026-02-06,15.0,45.62361865860445,8,8,8,192,24.0,0,100.0,39.668367922145684,100.0
AE,pm25,µg/m³,2025-12-24,15.0,21.716029055802526,9,8,9,216,24.0,0,88.88888888888889,22.412224684632196,87.09677419354838
AE,pm25,µg/m³,2025-10-26,15.0,53.09196317277315,7,7,7,168,24.0,0,100.0,46.082997033827176,100.0
AE,pm25,µg/m³,2025-10-06,15.0,45.042520576255555,6,6,6,144,24.0,0,100.0,41.74301080639196,100.0
AE,pm25,µg/m³,2025-09-28,15.0,46.738190652159375,6,6,6,126,21.0,0,100.0,39.52153601005557,97.77777777777777
AE,pm25,µg/m³,2025-09-15,15.0,9.212576681954992,6,0,6,144,24.0,0,0.0,20.4044196335563,57.14285714285714
AE,pm25,µg/m³,2025-09-05,15.0,20.684716814646016,6,6,6,144,24.0,0,100.0,38.57423509451013,100.0
AE,pm25,µg/m³,2026-05-09,15.0,20.173214285714288,7,6,7,156,22.285714285714285,0,85.71428571428571,35.44835251220053,98.07692307692307
AE,pm25,µg/m³,2026-06-02,15.0,26.885119047619046,7,7,7,168,24.0,0,100.0,34.13639455782313,100.0
AE,pm25,µg/m³,2024-12-10,15.0,27.29558966557185,3,3,3,72,24.0,0,100.0,35.52098602582117,95.65217391304348
AE,pm25,µg/m³,2025-03-03,15.0,29.55240610459303,3,3,3,72,24.0,0,100.0,17.636180602857078,57.14285714285714
AE,pm25,µg/m³,2025-04-01,15.0,35.58685982448083,3,3,3,72,24.0,0,100.0,37.502099915008635,100.0
AE,pm25,µg/m³,2025-04-29,15.0,23.397659742169907,4,4,4,96,24.0,0,100.0,46.412633985030126,100.0
AE,pm25,µg/m³,2025-05-24,15.0,33.50804164185367,4,4,4,96,24.0,0,100.0,59.945048534760595,100.0
AE,pm25,µg/m³,2025-06-13,15.0,48.20802750190099,6,6,6,144,24.0,0,100.0,33.58500041093616,100.0
AE,pm25,µg/m³,2025-06-15,15.0,57.411813241464124,6,6,6,144,24.0,0,100.0,36.40063653436414,100.0
AE,pm25,µg/m³,2025-08-17,15.0,20.341384749905565,6,6,6,144,24.0,0,100.0,30.927530967227128,90.47619047619048
AE,pm25,µg/m³,2025-09-06,15.0,25.932563970573767,6,6,6,134,22.333333333333332,0,100.0,34.651638500118246,100.0
AE,pm25,µg/m³,2025-09-27,15.0,32.49156227277111,6,6,6,132,22.0,0,100.0,36.577314953474904,97.82608695652173
AE,pm25,µg/m³,2025-11-21,15.0,50.272816049997445,8,8,8,192,24.0,0,100.0,57.93210403101222,100.0
AE,pm25,µg/m³,2026-02-07,15.0,44.44424233883493,8,8,8,192,24.0,0,100.0,42.09407661071203,100.0
AE,pm25,µg/m³,2026-02-18,15.0,18.6294285107318,7,5,7,168,24.0,0,71.42857142857143,31.737387993329826,95.83333333333334
AE,pm25,µg/m³,2026-02-20,15.0,26.656992994380317,8,8,8,192,24.0,0,100.0,26.554068914392662,94.11764705882352
AE,pm25,µg/m³,2026-03-04,15.0,27.495833333333334,9,9,9,216,24.0,0,100.0,37.362838955026454,100.0
AE,pm25,µg/m³,2026-05-10,15.0,12.776190476190477,7,2,7,168,24.0,0,28.57142857142857,32.59597155981958,88.46153846153845
AE,pm25,µg/m³,2026-06-10,15.0,38.3577380952381,7,7,7,168,24.0,0,100.0,33.005017006802724,97.95918367346938
AE,pm25,µg/m³,2026-07-05,15.0,44.81458333333333,8,8,8,192,24.0,0,100.0,40.36215930451128,100.0
AE,pm25,µg/m³,2025-07-20,15.0,36.16953923003842,6,6,6,144,24.0,0,100.0,40.08402928577959,100.0
AE,pm25,µg/m³,2025-07-19,15.0,30.302365607304203,6,6,6,144,24.0,0,100.0,38.6471442160912,100.0
AE,pm25,µg/m³,2025-06-23,15.0,48.802666180375695,6,6,6,138,23.0,0,100.0,47.83396744330481,100.0
AE,pm25,µg/m³,2025-06-07,15.0,44.507632865046816,6,6,6,144,24.0,0,100.0,32.48727139724941,95.23809523809523
AE,pm25,µg/m³,2025-05-11,15.0,47.212452840473915,4,4,4,96,24.0,0,100.0,38.611789147639435,89.28571428571429
AE,pm25,µg/m³,2025-03-25,15.0,21.79790741370784,3,3,3,72,24.0,0,100.0,33.302178050909696,95.23809523809523
AE,pm25,µg/m³,2024-12-04,15.0,19.966650279583753,3,3,3,72,24.0,0,100.0,21.727301286481758,80.95238095238095
AE,pm25,µg/m³,2026-04-15,15.0,17.0171875,8,5,8,192,24.0,0,62.5,23.32955628496747,73.33333333333333
AE,pm25,µg/m³,2026-03-26,15.0,4.670370370370371,9,0,9,216,24.0,0,0.0,12.070210247841828,28.57142857142857
AE,pm25,µg/m³,2026-02-15,15.0,28.486519707119367,7,7,7,168,24.0,0,100.0,41.87121011050794,100.0
AE,pm25,µg/m³,2026-02-04,15.0,33.00992955130403,9,9,9,201,22.333333333333332,0,100.0,37.37958913983427,100.0
AE,pm25,µg/m³,2026-01-27,15.0,19.138442842377188,9,6,9,198,22.0,0,66.66666666666666,19.0454710860877,57.377049180327866
AE,pm25,µg/m³,2025-12-04,15.0,56.92187418440939,8,8,8,182,22.75,0,100.0,60.96159337790907,100.0
AE,pm25,µg/m³,2024-07-28,15.0,27.25833335849974,1,1,1,24,24.0,0,100.0,42.18455181334426,100.0
AE,pm25,µg/m³,2024-08-12,15.0,25.74293978346719,1,1,1,24,24.0,0,100.0,21.65079333294522,85.71428571428571
AE,pm25,µg/m³,2024-08-13,15.0,19.256539358033073,1,1,1,24,24.0,0,100.0,21.093319789327758,85.71428571428571
AE,pm25,µg/m³,2024-08-18,15.0,23.23658458753066,1,1,1,24,24.0,0,100.0,25.469243085322184,100.0
AE,pm25,µg/m³,2024-10-09,15.0,34.278607254227005,3,3,3,72,24.0,0,100.0,27.610578710456057,100.0
AE,pm25,µg/m³,2024-10-28,15.0,22.757889681392243,3,3,3,72,24.0,0,100.0,32.936866212230164,100.0
AE,pm25,µg/m³,2024-11-13,15.0,66.73115746356822,3,3,3,68,22.666666666666668,0,100.0,55.454574250091206,100.0
AE,pm25,µg/m³,2024-12-12,15.0,15.526853597274533,3,2,3,72,24.0,0,66.66666666666666,32.529539794491924,91.30434782608695
AE,pm25,µg/m³,2025-02-14,15.0,16.02674189494509,3,2,3,72,24.0,0,66.66666666666666,25.479750598236336,83.33333333333334
AE,pm25,µg/m³,2025-02-17,15.0,16.145712777420325,3,2,3,72,24.0,0,66.66666666666666,27.10166825812345,85.71428571428571
AE,pm25,µg/m³,2025-03-09,15.0,14.207901826611272,3,2,3,72,24.0,0,66.66666666666666,17.891950662169144,61.904761904761905
AE,pm25,µg/m³,2025-04-07,15.0,30.204993001840734,3,3,3,72,24.0,0,100.0,36.68540643571574,90.47619047619048
AE,pm25,µg/m³,2025-05-07,15.0,12.757219817940937,4,1,4,96,24.0,0,25.0,33.905799855304494,89.28571428571429
AE,pm25,µg/m³,2025-09-04,15.0,23.02434395797669,7,7,7,154,22.0,0,100.0,39.87020930667357,100.0
AE,pm25,µg/m³,2025-10-15,15.0,61.34368029121684,8,8,8,175,21.875,0,100.0,41.43630289586704,97.77777777777777
AE,pm25,µg/m³,2025-12-02,15.0,85.97176152380428,8,8,8,192,24.0,0,100.0,52.018538626224895,100.0
AE,pm25,µg/m³,2025-12-22,15.0,18.248975188126444,8,5,8,192,24.0,0,62.5,21.922627416076228,75.80645161290323
AE,pm25,µg/m³,2025-12-26,15.0,62.653898958030645,9,9,9,216,24.0,0,100.0,31.544485838445652,88.70967741935483
AE,pm25,µg/m³,2026-01-26,15.0,29.034005374477843,8,8,8,192,24.0,0,100.0,23.03089859539246,62.295081967213115
AE,pm25,µg/m³,2026-03-06,15.0,23.991666666666667,9,9,9,216,24.0,0,100.0,34.12066798941799,100.0
AE,pm25,µg/m³,2026-04-20,15.0,45.711309523809526,7,7,7,168,24.0,0,100.0,29.2203344727219,89.0909090909091
AE,pm25,µg/m³,2026-06-09,15.0,28.56904761904762,7,7,7,168,24.0,0,100.0,31.44277210884354,97.95918367346938
AE,pm25,µg/m³,2026-07-13,15.0,52.60104166666667,8,8,8,192,24.0,0,100.0,47.83963770604396,100.0
AE,pm25,µg/m³,2026-08-15,15.0,62.92395833333333,8,8,8,192,24.0,0,100.0,38.66644345238095,98.21428571428571
AE,pm25,µg/m³,2026-08-16,15.0,75.47552083333333,8,8,8,192,24.0,0,100.0,46.56592261904762,100.0
AE,pm25,µg/m³,2025-11-11,15.0,49.963811676113465,7,7,7,149,21.285714285714285,0,100.0,29.925550602108856,81.63265306122449
AE,pm25,µg/m³,2026-08-27,15.0,31.511979166666666,8,8,8,192,24.0,0,100.0,35.04665178571429,100.0
AE,pm25,µg/m³,2026-04-21,15.0,44.26607142857143,7,7,7,168,24.0,0,100.0,31.80023455775591,88.88888888888889
AE,pm25,µg/m³,2026-04-05,15.0,33.06296296296296,9,9,9,216,24.0,0,100.0,29.634722222222223,88.88888888888889
AE,pm25,µg/m³,2026-04-01,15.0,22.113888888888887,9,7,9,216,24.0,0,77.77777777777779,10.913492063492063,31.746031746031743
AE,pm25,µg/m³,2026-03-20,15.0,19.21388888888889,9,7,9,216,24.0,0,77.77777777777779,33.24358465608466,96.82539682539682
AE,pm25,µg/m³,2026-01-25,15.0,17.70758398092455,8,5,8,192,24.0,0,62.5,25.034730270569696,62.903225806451616
AE,pm25,µg/m³,2025-12-03,15.0,89.66242055510175,8,8,8,190,23.75,0,100.0,59.10813679452683,100.0
AE,pm25,µg/m³,2025-09-08,15.0,51.417253522274656,6,6,6,114,19.0,0,100.0,36.25612496844191,100.0
AE,pm25,µg/m³,2025-07-03,15.0,32.790242062390796,6,6,6,144,24.0,0,100.0,59.459764731226215,100.0
AE,pm25,µg/m³,2025-04-15,15.0,47.44694966960836,3,3,3,72,24.0,0,100.0,36.01979612193181,100.0
AE,pm25,µg/m³,2024-07-30,15.0,37.18055556880103,1,1,1,24,24.0,0,100.0,39.93281462444647,100.0
AE,pm25,µg/m³,2024-08-26,15.0,53.27517377667957,1,1,1,24,24.0,0,100.0,25.00928407647307,85.71428571428571
AE,pm25,µg/m³,2024-12-08,15.0,24.831147576371826,4,4,4,77,19.25,0,100.0,36.74675438865722,100.0
AE,pm25,µg/m³,2025-03-05,15.0,22.319454299079045,3,3,3,72,24.0,0,100.0,21.177098189777304,85.71428571428571
AE,pm25,µg/m³,2025-03-12,15.0,38.89974794785182,3,3,3,72,24.0,0,100.0,19.259829325098842,61.904761904761905
AE,pm25,µg/m³,2025-04-30,15.0,28.28683012558354,4,4,4,96,24.0,0,100.0,44.87943965731302,100.0
AE,pm25,µg/m³,2025-05-04,15.0,38.75376760794057,4,4,4,96,24.0,0,100.0,33.99130265852288,100.0
AE,pm25,µg/m³,2025-05-06,15.0,22.925841677315066,4,4,4,96,24.0,0,100.0,36.12431561353915,100.0
AE,pm25,µg/m³,2025-06-17,15.0,54.746380150318146,6,6,6,144,24.0,0,100.0,48.451713460082566,100.0
AE,pm25,µg/m³,2025-07-07,15.0,25.30069178556051,6,6,6,144,24.0,0,100.0,46.22841576611933,100.0
AE,pm25,µg/m³,2025-11-18,15.0,67.9640815343949,8,8,8,176,22.0,0,100.0,45.13100378123508,100.0
AE,pm25,µg/m³,2026-03-08,15.0,42.44444444444444,9,9,9,216,24.0,0,100.0,31.871626984126983,100.0
AE,pm25,µg/m³,2026-05-13,15.0,54.513690476190476,7,7,7,168,24.0,0,100.0,33.58598474285253,87.75510204081633
AE,pm25,µg/m³,2026-05-16,15.0,31.901242236024846,7,7,7,161,23.0,0,100.0,30.077989327295008,81.63265306122449
AE,pm25,µg/m³,2025-03-31,15.0,20.60499960018529,3,3,3,72,24.0,0,100.0,35.53224957061249,100.0
AE,pm25,µg/m³,2025-03-08,15.0,9.659643513736903,3,0,3,72,24.0,0,0.0,18.794378187009848,66.66666666666666
AE,pm25,µg/m³,2025-02-21,15.0,32.145629249237196,3,3,3,72,24.0,0,100.0,31.9811376136559,95.23809523809523
AE,pm25,µg/m³,2025-02-11,15.0,44.029557651943634,3,3,3,21,7.0,0,100.0,44.029557651943634,100.0
AE,pm25,µg/m³,2024-12-21,15.0,37.263332779208824,3,3,3,72,24.0,0,100.0,34.99771480775489,100.0
AE,pm25,µg/m³,2024-09-12,15.0,29.614062547683712,1,1,1,24,24.0,0,100.0,54.292583881572604,100.0
AE,pm25,µg/m³,2024-08-24,15.0,23.075925932990177,1,1,1,24,24.0,0,100.0,19.95667312996298,85.71428571428571
AE,pm25,µg/m³,2025-01-07,15.0,36.27090863456503,3,3,3,57,19.0,0,100.0,30.789557891063613,85.71428571428571
AE,pm25,µg/m³,2024-11-04,15.0,55.95092588000828,3,3,3,72,24.0,0,100.0,52.21366840656157,100.0
AE,pm25,µg/m³,2024-10-20,15.0,60.473225327553585,3,3,3,72,24.0,0,100.0,27.972630065893412,76.19047619047619
AE,pm25,µg/m³,2024-09-18,15.0,48.64201392730077,1,1,1,24,24.0,0,100.0,43.18381773139916,100.0
AE,pm25,µg/m³,2024-09-14,15.0,46.34079852369096,1,1,1,24,24.0,0,100.0,50.17982914325289,100.0
AE,pm25,µg/m³,2025-02-15,15.0,40.65742818459316,3,3,3,72,24.0,0,100.0,28.5152861155077,86.66666666666667
AE,pm25,µg/m³,2025-04-11,15.0,46.46151905810392,3,3,3,72,24.0,0,100.0,28.374307048196773,90.47619047619048
AE,pm25,µg/m³,2025-06-12,15.0,30.922491996928496,6,6,6,144,24.0,0,100.0,30.97901009490721,100.0
AE,pm25,µg/m³,2025-08-03,15.0,29.112181640032567,6,6,6,144,24.0,0,100.0,41.97979982960085,100.0
AE,pm25,µg/m³,2025-09-16,15.0,40.57670833659594,6,6,6,144,24.0,0,100.0,19.83523704917782,57.14285714285714
AE,pm25,µg/m³,2025-10-18,15.0,28.852882740770774,8,8,8,172,21.5,0,100.0,34.57981188894647,98.0392156862745
AE,pm25,µg/m³,2025-11-15,15.0,46.83745699881055,7,7,7,168,24.0,0,100.0,38.83666583208548,100.0
AE,pm25,µg/m³,2025-12-30,15.0,6.845011575286738,9,0,9,198,22.0,0,0.0,39.38474864158711,84.12698412698413
AE,pm25,µg/m³,2025-12-31,15.0,12.56612392407156,9,3,9,216,24.0,0,33.33333333333333,38.07761933705412,76.19047619047619
AE,pm25,µg/m³,2026-01-15,15.0,31.67560961622239,9,9,9,216,24.0,0,100.0,55.71160671468772,100.0
AE,pm25,µg/m³,2026-02-19,15.0,19.788267426422856,8,7,8,181,22.625,0,87.5,28.794388436946452,94.0
AE,pm25,µg/m³,2026-08-24,15.0,43.884375,8,8,8,192,24.0,0,100.0,33.99049560041408,100.0
AE,pm25,µg/m³,2024-09-04,15.0,11.476587272352642,1,0,1,21,21.0,0,0.0,35.119150350964254,71.42857142857143
AE,pm25,µg/m³,2024-08-30,15.0,67.29045134120516,1,1,1,24,24.0,0,100.0,68.92966493926924,100.0
AE,pm25,µg/m³,2024-08-06,15.0,23.158854163355294,1,1,1,24,24.0,0,100.0,39.88180165433394,100.0
AE,pm25,µg/m³,2026-06-14,15.0,58.72261904761905,7,7,7,162,23.142857142857142,0,100.0,44.34197491496599,100.0
AE,pm25,µg/m³,2026-04-04,15.0,48.575462962962966,9,9,9,216,24.0,0,100.0,25.755092592592593,74.60317460317461
AE,pm25,µg/m³,2026-02-14,15.0,36.84721832789442,7,7,7,168,24.0,0,100.0,42.65996002094158,100.0
AE,pm25,µg/m³,2025-07-30,15.0,60.972150721935314,6,6,6,144,24.0,0,100.0,41.69532817128776,100.0
AE,pm25,µg/m³,2025-05-23,15.0,38.0103106415934,4,4,4,96,24.0,0,100.0,59.088403767794695,100.0
AE,pm25,µg/m³,2025-03-07,15.0,13.68800562068268,3,0,3,72,24.0,0,0.0,20.799598098624273,80.95238095238095
AE,pm25,µg/m³,2024-12-13,15.0,28.05907268822193,3,3,3,72,24.0,0,100.0,24.99199640750885,91.30434782608695
AE,pm25,µg/m³,2024-10-14,15.0,31.78520446110655,3,3,3,63,21.0,0,100.0,38.563160751269606,100.0
AE,pm25,µg/m³,2024-08-22,15.0,18.887847191757626,1,1,1,24,24.0,0,100.0,21.8074105710897,85.71428571428571
AE,pm25,µg/m³,2024-08-09,15.0,17.370565002464286,1,1,1,24,24.0,0,100.0,30.986806322849258,100.0
AE,pm25,µg/m³,2026-05-23,15.0,14.808333333333335,7,2,7,168,24.0,0,28.57142857142857,28.532589285714284,60.0
AE,pm25,µg/m³,2026-05-24,15.0,30.995238095238093,7,7,7,168,24.0,0,100.0,27.865752551020407,60.0
AE,pm25,µg/m³,2026-07-28,15.0,46.58854166666667,8,8,8,192,24.0,0,100.0,39.45193452380953,100.0
AE,pm25,µg/m³,2026-08-06,15.0,31.069270833333334,8,8,8,192,24.0,0,100.0,38.33065476190476,100.0
AE,pm25,µg/m³,2024-08-11,15.0,19.918055534362793,1,1,1,24,24.0,0,100.0,22.93032375313503,85.71428571428571
AE,pm25,µg/m³,2024-09-10,15.0,83.46388884953089,1,1,1,21,21.0,0,100.0,44.65783587600233,85.71428571428571
AE,pm25,µg/m³,2024-10-07,15.0,19.944184006916153,2,2,2,48,24.0,0,100.0,26.054188718966387,100.0
AE,pm25,µg/m³,2025-02-27,15.0,17.12596296657015,3,2,3,72,24.0,0,66.66666666666666,24.37094916979104,66.66666666666666
AE,pm25,µg/m³,2025-03-11,15.0,23.428217035752755,3,3,3,72,24.0,0,100.0,16.89121594670273,61.904761904761905
AE,pm25,µg/m³,2025-04-14,15.0,30.035493866161065,3,3,3,72,24.0,0,100.0,32.32911696719358,100.0
AE,pm25,µg/m³,2025-06-22,15.0,60.8554003238678,6,6,6,132,22.0,0,100.0,51.67824579531639,100.0
AE,pm25,µg/m³,2025-08-06,15.0,19.28037795459582,6,6,6,144,24.0,0,100.0,31.87073282312789,100.0
AE,pm25,µg/m³,2025-10-20,15.0,44.08431649938577,7,7,7,147,21.0,0,100.0,40.078439002256836,100.0
AE,pm25,µg/m³,2026-05-18,15.0,14.191071428571428,7,3,7,168,24.0,0,42.857142857142854,31.667184265010352,83.6734693877551
AE,pm25,µg/m³,2026-07-03,15.0,35.633854166666666,8,8,8,192,24.0,0,100.0,41.1108944235589,100.0
AE,pm25,µg/m³,2026-07-11,15.0,45.88072916666667,8,8,8,192,24.0,0,100.0,46.43688472985348,100.0
AE,pm25,µg/m³,2026-07-12,15.0,47.7625,8,8,8,192,24.0,0,100.0,46.85801568223443,100.0
AE,pm25,µg/m³,2025-07-22,15.0,29.929406229775363,6,6,6,144,24.0,0,100.0,39.42566052111598,100.0
AE,pm25,µg/m³,2026-05-30,15.0,41.150000000000006,7,7,7,168,24.0,0,100.0,40.278486394557824,100.0
AE,pm25,µg/m³,2026-04-16,15.0,17.47727272727273,8,5,8,176,22.0,0,62.5,21.32519120560239,67.79661016949152
AE,pm25,µg/m³,2025-08-28,15.0,32.88626953095069,7,7,7,168,24.0,0,100.0,41.49258294856812,100.0
AE,pm25,µg/m³,2024-12-03,15.0,20.377939283012083,3,3,3,72,24.0,0,100.0,24.710746195536736,80.95238095238095
AE,pm25,µg/m³,2024-11-17,15.0,43.35800539564203,3,3,3,72,24.0,0,100.0,46.10182862229405,100.0
AE,pm25,µg/m³,2025-09-03,15.0,29.566973348634317,7,7,7,156,22.285714285714285,0,100.0,41.27905581709843,100.0
AE,pm25,µg/m³,2026-08-13,15.0,39.09010416666666,8,8,8,192,24.0,0,100.0,34.60453869047619,98.21428571428571
AE,pm25,µg/m³,2026-07-26,15.0,35.496874999999996,8,8,8,192,24.0,0,100.0,39.15416666666667,100.0
AE,pm25,µg/m³,2026-04-10,15.0,19.250185185185188,9,7,9,207,23.0,0,77.77777777777779,30.228856421356422,82.53968253968253
AE,pm25,µg/m³,2026-03-25,15.0,5.580823586744639,9,0,9,211,23.444444444444443,0,0.0,14.555792258423837,42.857142857142854
AE,pm25,µg/m³,2024-09-09,15.0,56.41979172494676,1,1,1,24,24.0,0,100.0,35.041045207305565,85.71428571428571
AE,pm25,µg/m³,2024-11-25,15.0,40.31440795902852,3,3,3,72,24.0,0,100.0,50.29375524550834,100.0
AE,pm25,µg/m³,2025-04-08,15.0,21.612195586440738,3,3,3,72,24.0,0,100.0,34.689025830281444,90.47619047619048
AE,pm25,µg/m³,2025-07-05,15.0,43.492260503589065,6,6,6,135,22.5,0,100.0,59.090370282689605,100.0
AE,pm25,µg/m³,2025-08-10,15.0,18.435609133170306,6,6,6,144,24.0,0,100.0,21.252060569344717,100.0
AE,pm25,µg/m³,2025-08-18,15.0,20.992870659790054,6,6,6,144,24.0,0,100.0,31.80226745076701,100.0
AE,pm25,µg/m³,2025-12-21,15.0,22.63045163839518,9,8,9,205,22.77777777777778,0,88.88888888888889,23.09055273706999,80.95238095238095
AE,pm25,µg/m³,2026-01-08,15.0,30.720337286800024,9,9,9,216,24.0,0,100.0,28.943199172155246,92.06349206349206
AE,pm25,µg/m³,2026-01-21,15.0,31.790454540480447,9,9,9,216,24.0,0,100.0,30.871261462083613,85.71428571428571
AE,pm25,µg/m³,2026-03-21,15.0,19.674074074074078,9,8,9,216,24.0,0,88.88888888888889,28.922023809523807,95.23809523809523
AE,pm25,µg/m³,2026-04-11,15.0,23.228557504873297,9,5,9,211,23.444444444444446,0,55.55555555555556,26.60786992734361,76.19047619047619
AE,pm25,µg/m³,2026-04-12,15.0,28.91771885521885,9,3,9,203,22.555555555555557,0,33.33333333333333,26.01569219766588,66.66666666666666
AE,pm25,µg/m³,2026-07-06,15.0,45.729687500000004,8,8,8,192,24.0,0,100.0,39.1328125,100.0
AE,pm25,µg/m³,2026-07-23,15.0,34.66770833333334,8,8,8,192,24.0,0,100.0,32.77924107142857,100.0
AE,pm25,µg/m³,2026-03-24,15.0,11.385648148148148,9,1,9,216,24.0,0,11.11111111111111,17.053637566137567,57.14285714285714
AE,pm25,µg/m³,2026-08-28,15.0,43.329166666666666,8,8,8,192,24.0,0,100.0,36.097842261904766,100.0
AE,pm25,µg/m³,2026-08-10,15.0,24.002604166666668,8,8,8,192,24.0,0,100.0,27.816517857142856,98.21428571428571
AE,pm25,µg/m³,2026-05-29,15.0,39.23035714285714,7,7,7,168,24.0,0,100.0,36.515391156462584,89.79591836734694
AE,pm25,µg/m³,2026-03-14,15.0,49.925,9,9,9,216,24.0,0,100.0,28.744378306878307,76.19047619047619
AE,pm25,µg/m³,2026-03-17,15.0,39.28703703703703,9,9,9,216,24.0,0,100.0,30.861243386243384,76.19047619047619
AE,pm25,µg/m³,2026-01-18,15.0,29.26215469753903,9,9,9,216,24.0,0,100.0,41.02283210276583,85.71428571428571
AE,pm25,µg/m³,2025-10-31,15.0,43.454702609414774,7,7,7,168,24.0,0,100.0,53.12840819498694,100.0
AE,pm25,µg/m³,2025-10-02,15.0,35.79216611526998,6,6,6,144,24.0,0,100.0,41.29150319060529,100.0
AE,pm25,µg/m³,2025-09-23,15.0,78.7830175800929,7,7,7,168,24.0,0,100.0,50.87502662152367,100.0
AE,pm25,µg/m³,2025-08-11,15.0,14.869715275010877,6,2,6,144,24.0,0,33.33333333333333,19.836970886313583,90.47619047619048
AE,pm25,µg/m³,2024-10-06,15.0,34.19857450744562,2,2,2,38,19.0,0,100.0,26.039444183168268,100.0
AE,pm25,µg/m³,2024-11-08,15.0,53.36057095615953,3,3,3,72,24.0,0,100.0,57.22917491386807,100.0
AE,pm25,µg/m³,2025-01-03,15.0,30.54978929829317,3,3,3,72,24.0,0,100.0,40.51399156494989,85.71428571428571
AE,pm25,µg/m³,2025-02-13,15.0,15.918766793691448,3,2,3,72,24.0,0,66.66666666666666,28.63075349933342,88.88888888888889
AE,pm25,µg/m³,2025-04-21,15.0,39.06851059330834,3,3,3,72,24.0,0,100.0,30.10593713030771,85.71428571428571
AE,pm25,µg/m³,2025-05-08,15.0,24.82618663791153,4,4,4,96,24.0,0,100.0,31.4941311628269,89.28571428571429
AE,pm25,µg/m³,2025-06-25,15.0,39.10279492055527,6,6,6,132,22.0,0,100.0,45.71602764361895,100.0
AE,pm25,µg/m³,2025-11-26,15.0,40.03523337698823,8,8,8,175,21.875,0,100.0,40.233241348369404,100.0
AE,pm25,µg/m³,2026-01-29,15.0,26.741594768809193,9,9,9,216,24.0,0,100.0,20.100262686405856,68.85245901639344
AE,pm25,µg/m³,2026-01-30,15.0,36.43210539054723,9,9,9,216,24.0,0,100.0,23.640063217250812,78.68852459016394
AE,pm25,µg/m³,2026-02-01,15.0,38.23241351889485,9,9,9,216,24.0,0,100.0,28.190899978611068,91.93548387096774
AE,pm25,µg/m³,2026-02-13,15.0,42.339229652256854,7,7,7,163,23.285714285714285,0,100.0,43.745249165361656,100.0
AE,pm25,µg/m³,2026-07-09,15.0,43.799739583333334,8,8,8,184,22.999999999999996,0,100.0,43.967075892857146,100.0
AE,pm25,µg/m³,2026-08-01,15.0,57.4703125,8,8,8,192,24.0,0,100.0,44.35565476190476,100.0
AE,pm25,µg/m³,2025-10-21,15.0,40.19596955380914,7,7,7,168,24.0,0,100.0,39.28769776009742,100.0
AE,pm25,µg/m³,2025-08-12,15.0,22.718611268633943,6,6,6,144,24.0,0,100.0,20.08138507141796,90.47619047619048
AE,pm25,µg/m³,2025-07-04,15.0,51.362829842250356,6,6,6,144,24.0,0,100.0,58.855733643019086,100.0
AE,pm25,µg/m³,2025-04-02,15.0,58.39622768207832,3,3,3,72,24.0,0,100.0,40.41727053032092,100.0
AE,pm25,µg/m³,2024-12-27,15.0,38.258146403012454,3,3,3,72,24.0,0,100.0,46.634356775722175,100.0
AE,pm25,µg/m³,2024-11-12,15.0,47.27265366440269,3,3,3,72,24.0,0,100.0,52.873489031199945,100.0
AE,pm25,µg/m³,2024-09-13,15.0,30.21102945944842,1,1,1,17,17.0,0,100.0,51.231342060135724,100.0
AE,pm25,µg/m³,2025-07-21,15.0,34.630198221054144,6,6,6,144,24.0,0,100.0,40.39442342664256,100.0
AE,pm25,µg/m³,2024-09-05,15.0,17.065451372000908,1,1,1,24,24.0,0,100.0,24.096928129357003,71.42857142857143
AE,pm25,µg/m³,2025-04-24,15.0,61.68006501815937,3,3,3,72,24.0,0,100.0,38.26957717217781,100.0
AE,pm25,µg/m³,2025-03-27,15.0,57.73283411597563,3,3,3,72,24.0,0,100.0,30.583656211153855,95.23809523809523
AE,pm25,µg/m³,2025-01-06,15.0,43.93179747263591,3,3,3,51,17.0,0,100.0,34.08926137974284,85.71428571428571
AE,pm25,µg/m³,2024-12-14,15.0,42.040051606158315,3,3,3,71,23.666666666666668,0,100.0,24.715762968601673,90.9090909090909
AE,pm25,µg/m³,2024-09-03,15.0,16.146354168653488,1,1,1,24,24.0,0,100.0,49.95648971515357,85.71428571428571
AE,pm25,µg/m³,2025-09-26,15.0,34.94494383534966,6,6,6,144,24.0,0,100.0,37.844359680317275,97.91666666666666
AE,pm25,µg/m³,2025-10-05,15.0,41.91613708151511,6,6,6,144,24.0,0,100.0,42.23172709291887,100.0
AE,pm25,µg/m³,2024-09-21,15.0,37.976736161443924,1,1,1,24,24.0,0,100.0,47.569072468886304,100.0
AE,pm25,µg/m³,2024-10-04,15.0,29.707673581399856,2,2,2,39,19.5,0,100.0,31.97232637404804,100.0
AE,pm25,µg/m³,2024-11-21,15.0,58.078607287671836,3,3,3,72,24.0,0,100.0,42.67931270737339,100.0
AE,pm25,µg/m³,2024-12-20,15.0,43.06533810385951,3,3,3,72,24.0,0,100.0,35.680103211604816,100.0
AE,pm25,µg/m³,2025-01-12,15.0,28.415152920616997,3,3,3,6,2.0,0,100.0,39.06938271943714,100.0
AE,pm25,µg/m³,2025-02-23,15.0,29.411943686597144,3,3,3,72,24.0,0,100.0,31.03859893673239,95.23809523809523
AE,pm25,µg/m³,2025-03-21,15.0,37.05026218689582,3,3,3,71,23.666666666666668,0,100.0,57.006492116411025,100.0
AE,pm25,µg/m³,2025-04-22,15.0,44.348425527413696,3,3,3,72,24.0,0,100.0,29.663290824279898,85.71428571428571
AE,pm25,µg/m³,2025-08-07,15.0,20.417707660959824,6,6,6,144,24.0,0,100.0,26.27766222317101,100.0
AE,pm25,µg/m³,2025-10-17,15.0,23.691510754590386,8,8,8,192,24.0,0,100.0,39.64955234892295,97.95918367346938
AE,pm25,µg/m³,2025-11-14,15.0,42.200069069029794,7,7,7,105,15.0,0,100.0,33.989063490029174,91.66666666666666
AE,pm25,µg/m³,2025-11-17,15.0,47.40956131500255,7,7,7,154,22.0,0,100.0,42.55953665862344,100.0
AE,pm25,µg/m³,2025-11-25,15.0,29.918767804682435,8,8,8,184,23.0,0,100.0,46.14923685022453,100.0
AE,pm25,µg/m³,2026-01-10,15.0,55.95907355937052,9,9,9,216,24.0,0,100.0,32.59596670806563,92.06349206349206
AE,pm25,µg/m³,2026-06-13,15.0,79.98489583333333,8,8,8,171,21.375,0,100.0,41.64954294217687,100.0
AE,pm25,µg/m³,2026-08-25,15.0,33.126562500000006,8,8,8,192,24.0,0,100.0,34.67531702898551,100.0
AE,pm25,µg/m³,2025-12-27,15.0,62.97999229092658,9,9,9,216,24.0,0,100.0,37.136850938601995,90.32258064516128
AE,pm25,µg/m³,2026-08-23,15.0,40.362500000000004,8,8,8,192,24.0,0,100.0,34.529122301094354,100.0
AE,pm25,µg/m³,2026-05-02,15.0,25.500595238095237,7,7,7,168,24.0,0,100.0,27.834886036582468,100.0
AE,pm25,µg/m³,2026-04-09,15.0,31.50782828282828,9,9,9,214,23.77777777777778,0,100.0,33.080152717652716,85.71428571428571
AE,pm25,µg/m³,2025-12-09,15.0,29.63119441399315,8,8,8,190,23.75,0,100.0,46.54604906307393,100.0
AE,pm25,µg/m³,2025-11-20,15.0,62.76728738872469,8,8,8,172,21.5,0,100.0,56.77885446230256,100.0
AE,pm25,µg/m³,2025-09-30,15.0,43.19728572988489,6,6,6,138,23.0,0,100.0,36.41602444540407,97.67441860465115
AE,pm25,µg/m³,2025-09-11,15.0,23.082279823206846,6,6,6,139,23.166666666666668,0,100.0,34.7326227946266,100.0
AE,pm25,µg/m³,2025-07-10,15.0,44.387477836470126,6,6,6,130,21.666666666666664,0,100.0,39.76711439051145,100.0
AE,pm25,µg/m³,2025-06-10,15.0,20.964638504288637,6,6,6,139,23.166666666666668,0,100.0,29.57832767421179,97.61904761904762
AE,pm25,µg/m³,2026-02-05,15.0,33.571532976931834,8,8,8,192,24.0,0,100.0,38.355294598137505,100.0
AE,pm25,µg/m³,2026-08-20,15.0,33.94076086956522,8,8,8,184,23.0,0,100.0,44.55739611061816,100.0
AE,pm25,µg/m³,2026-07-17,15.0,25.713541666666664,8,8,8,192,24.0,0,100.0,43.49940476190476,100.0
AE,pm25,µg/m³,2026-06-03,15.0,27.42202380952381,7,7,7,168,24.0,0,100.0,31.684778911564628,100.0
AE,pm25,µg/m³,2026-05-14,15.0,20.430952380952384,7,6,7,168,24.0,0,85.71428571428571,31.268365695233488,85.71428571428571
AE,pm25,µg/m³,2024-09-26,15.0,85.63142375151315,1,1,1,24,24.0,0,100.0,58.546974221865334,100.0
AE,pm25,µg/m³,2024-11-23,15.0,54.55435945369579,3,3,3,72,24.0,0,100.0,53.25949073090124,100.0
AE,pm25,µg/m³,2024-11-28,15.0,34.06060648350804,3,3,3,72,24.0,0,100.0,44.17916797310166,100.0
AE,pm25,µg/m³,2024-12-11,15.0,18.48050121024803,3,3,3,72,24.0,0,100.0,35.30867901591607,95.65217391304348
AE,pm25,µg/m³,2025-05-02,15.0,45.73730272024568,4,4,4,96,24.0,0,100.0,35.71411581840608,100.0
AE,pm25,µg/m³,2025-09-01,15.0,57.64144878513025,7,7,7,168,24.0,0,100.0,41.582016655278686,100.0
AE,pm25,µg/m³,2025-11-05,15.0,34.18562465077684,7,7,7,161,23.0,0,100.0,43.824979375813314,100.0
AE,pm25,µg/m³,2025-12-08,15.0,22.918470444512803,8,8,8,190,23.75,0,100.0,54.594701507332665,100.0
AE,pm25,µg/m³,2025-12-12,15.0,27.404657335438767,8,8,8,192,24.0,0,100.0,30.786811307768712,100.0
AE,pm25,µg/m³,2026-01-28,15.0,20.29345643630065,9,7,9,216,24.0,0,77.77777777777779,17.403042785490587,54.09836065573771
AE,pm25,µg/m³,2026-02-12,15.0,40.38926432110645,6,6,6,144,24.0,0,100.0,44.21444759483988,100.0
AE,pm25,µg/m³,2026-03-02,15.0,29.629166666666666,9,9,9,216,24.0,0,100.0,51.572845472566,100.0
AE,pm25,µg/m³,2026-05-06,15.0,38.87161458333333,8,8,8,184,23.0,0,100.0,34.042860004578756,100.0
AE,pm25,µg/m³,2026-05-11,15.0,25.953611626468767,7,7,7,147,21.000000000000004,0,100.0,31.02171072074369,88.23529411764706
AE,pm25,µg/m³,2026-05-17,15.0,35.66309523809524,7,7,7,168,24.0,0,100.0,33.347547150424255,91.83673469387756
AE,pm25,µg/m³,2026-06-07,15.0,39.87559523809524,7,7,7,168,24.0,0,100.0,29.33954081632653,97.95918367346938
AE,pm25,µg/m³,2024-12-30,15.0,61.947837968018064,3,3,3,65,21.666666666666668,0,100.0,51.641343105188085,100.0
AE,pm25,µg/m³,2024-10-30,15.0,40.258275398501645,3,3,3,72,24.0,0,100.0,30.28351155034603,100.0
AE,pm25,µg/m³,2024-10-17,15.0,10.648032394962177,3,0,3,72,24.0,0,0.0,32.23209042131999,73.68421052631578
AE,pm25,µg/m³,2026-01-13,15.0,70.43516841626462,9,9,9,216,24.0,0,100.0,51.15841803588387,100.0
AE,pm25,µg/m³,2026-01-06,15.0,18.73926945780904,9,6,9,216,24.0,0,66.66666666666666,25.237429383986598,73.01587301587301
AE,pm25,µg/m³,2025-11-24,15.0,28.74508747971,8,8,8,184,23.0,0,100.0,51.58428166875488,100.0
AE,pm25,µg/m³,2026-06-18,15.0,28.682142857142857,7,7,7,168,24.0,0,100.0,42.95279974489796,100.0
AE,pm25,µg/m³,2026-05-15,15.0,15.883333333333335,7,4,7,168,24.0,0,57.14285714285714,28.402556762964927,79.59183673469387
AE,pm25,µg/m³,2026-05-08,15.0,35.94399585921325,7,7,7,144,20.571428571428573,0,100.0,36.20940693396924,100.0
AE,pm25,µg/m³,2026-04-27,15.0,19.633333333333333,8,8,8,192,24.0,0,100.0,27.242097167944564,85.45454545454545
AE,pm25,µg/m³,2025-11-16,15.0,48.82632304018134,7,7,7,161,23.0,0,100.0,42.01973545525323,100.0
AE,pm25,µg/m³,2024-08-19,15.0,22.12100696894857,1,1,1,24,24.0,0,100.0,24.951824111819526,100.0
AE,pm25,µg/m³,2024-09-25,15.0,76.98802075121137,1,1,1,24,24.0,0,100.0,54.02013888434758,100.0
AE,pm25,µg/m³,2024-12-16,15.0,25.434807943944577,3,3,3,45,15.0,0,100.0,27.076172782008282,95.23809523809523
AE,pm25,µg/m³,2025-05-22,15.0,67.81760399374696,4,4,4,96,24.0,0,100.0,60.13640921777945,100.0
AE,pm25,µg/m³,2025-05-27,15.0,28.282312948856,5,5,5,114,22.8,0,100.0,47.36350343610389,96.7741935483871
AE,pm25,µg/m³,2025-08-01,15.0,38.79759841804152,6,6,6,144,24.0,0,100.0,42.38450904836377,100.0
AE,pm25,µg/m³,2025-08-22,15.0,26.6227176991376,6,6,6,144,24.0,0,100.0,22.47257987799474,97.61904761904762
AE,pm25,µg/m³,2025-10-29,15.0,53.513191638043324,7,7,7,168,24.0,0,100.0,53.38220030928413,100.0
AE,pm25,µg/m³,2025-11-01,15.0,38.33511813319234,7,7,7,168,24.0,0,100.0,51.481372341696286,100.0
AE,pm25,µg/m³,2025-12-07,15.0,29.086467175188762,8,8,8,183,22.875,0,100.0,59.189548558494444,100.0
AE,pm25,µg/m³,2026-01-20,15.0,47.03643540751051,9,9,9,216,24.0,0,100.0,33.83380109926894,85.71428571428571
AE,pm25,µg/m³,2026-03-07,15.0,41.12175925925926,9,9,9,216,24.0,0,100.0,31.738756613756614,100.0
AE,pm25,µg/m³,2026-04-08,15.0,25.47222222222222,9,8,9,208,23.11111111111111,0,88.88888888888889,32.54927248677249,85.71428571428571
AE,pm25,µg/m³,2026-06-27,15.0,42.27380952380952,7,7,7,168,24.0,0,100.0,42.77719502223967,100.0
AE,pm25,µg/m³,2026-01-12,15.0,69.98531111644263,9,9,9,216,24.0,0,100.0,43.77328961324736,95.23809523809523
AE,pm25,µg/m³,2025-11-23,15.0,32.49951850473594,8,8,8,168,21.0,0,100.0,54.25063507379667,100.0
AE,pm25,µg/m³,2025-06-05,15.0,26.60993690981909,6,6,6,144,24.0,0,100.0,33.89594369408028,95.0
AE,pm25,µg/m³,2025-03-01,15.0,23.69618289503786,3,3,3,72,24.0,0,100.0,19.944933345741987,57.14285714285714
AE,pm25,µg/m³,2025-02-28,15.0,13.104583797292777,3,1,3,72,24.0,0,33.33333333333333,21.650799819513264,57.14285714285714
AE,pm25,µg/m³,2024-12-24,15.0,53.112904857706134,3,3,3,72,24.0,0,100.0,40.719332978865246,100.0
AE,pm25,µg/m³,2024-11-22,15.0,74.36504636870491,3,3,3,72,24.0,0,100.0,48.50154321199214,100.0
AE,pm25,µg/m³,2024-10-10,15.0,42.99938270118501,3,3,3,72,24.0,0,100.0,28.96649250563206,100.0
AE,pm25,µg/m³,2025-11-13,15.0,26.165204135713005,7,7,7,156,22.285714285714285,0,100.0,29.730284750351085,81.25
AE,pm25,µg/m³,2025-11-06,15.0,29.86077082275398,7,7,7,168,24.0,0,100.0,41.209260781051185,100.0
AE,pm25,µg/m³,2025-10-03,15.0,41.03367756539423,6,6,6,144,24.0,0,100.0,42.161322294897374,100.0
AE,pm25,µg/m³,2025-10-01,15.0,47.41283914685808,6,6,6,144,24.0,0,100.0,39.48105425390845,97.61904761904762
AE,pm25,µg/m³,2025-09-19,15.0,61.46711149375246,8,8,8,192,24.0,0,100.0,35.33748309607042,67.3913043478261
AE,pm25,µg/m³,2024-10-05,15.0,22.10666666875283,2,2,2,40,20.0,0,100.0,25.403710320325835,100.0
AE,pm25,µg/m³,2025-03-17,15.0,69.68696700202094,3,3,3,72,24.0,0,100.0,53.334785826192444,100.0
AE,pm25,µg/m³,2025-04-18,15.0,17.65561535237012,3,3,3,72,24.0,0,100.0,28.313869916984903,85.71428571428571
AE,pm25,µg/m³,2025-06-16,15.0,75.71261464445679,6,6,6,144,24.0,0,100.0,43.625750367792634,100.0
AE,pm25,µg/m³,2025-07-28,15.0,28.82997761170069,6,6,6,144,24.0,0,100.0,38.425510769028435,100.0
AE,pm25,µg/m³,2025-12-10,15.0,31.832814505293808,9,9,9,180,20.0,0,100.0,38.284676770244225,100.0
AE,pm25,µg/m³,2026-03-27,15.0,4.30138888888889,9,0,9,216,24.0,0,0.0,9.939853104984685,17.46031746031746
AE,pm25,µg/m³,2026-04-26,15.0,30.65788690476191,8,8,8,189,23.625,0,100.0,30.967522338012593,85.18518518518519
AE,pm25,µg/m³,2026-06-08,15.0,35.49107142857143,7,7,7,168,24.0,0,100.0,31.20221088435374,97.95918367346938
AE,pm25,µg/m³,2025-09-10,15.0,29.200089241840217,6,6,6,135,22.5,0,100.0,34.72434624245086,100.0
AE,pm25,µg/m³,2025-08-20,15.0,20.88595454865935,6,6,6,137,22.833333333333336,0,100.0,29.67944581615408,100.0
AE,pm25,µg/m³,2025-05-17,15.0,27.51152827309238,4,4,4,96,24.0,0,100.0,31.228276857874373,89.28571428571429
AE,pm25,µg/m³,2025-02-24,15.0,36.82662611868646,3,3,3,72,24.0,0,100.0,33.99301512834184,100.0
AE,pm25,µg/m³,2024-12-29,15.0,50.54131231926105,3,3,3,72,24.0,0,100.0,48.97607996243018,100.0
AE,pm25,µg/m³,2026-07-30,15.0,43.14999999999999,8,8,8,192,24.0,0,100.0,42.56971726190476,100.0
AE,pm25,µg/m³,2026-04-30,15.0,25.51340544871795,8,8,8,177,22.125,0,100.0,27.948174575812388,91.07142857142857
AE,pm25,µg/m³,2025-11-09,15.0,26.54483567800708,7,7,7,168,24.0,0,100.0,29.533457531526015,81.63265306122449
AE,pm25,µg/m³,2025-09-14,15.0,7.447480379744912,6,0,6,144,24.0,0,0.0,26.433659182173397,71.42857142857143
AE,pm25,µg/m³,2025-08-31,15.0,30.79486922147814,7,7,7,166,23.714285714285715,0,100.0,40.74720121667302,100.0
AE,pm25,µg/m³,2025-07-26,15.0,31.714545804924438,5,5,5,120,24.0,0,100.0,40.02357428524388,100.0
AE,pm25,µg/m³,2024-11-29,15.0,13.095493402598816,3,1,3,72,24.0,0,33.33333333333333,35.426374692229366,90.47619047619048
AE,pm25,µg/m³,2024-08-29,15.0,94.22100692325168,1,1,1,24,24.0,0,100.0,62.783261180497405,100.0
AE,pm25,µg/m³,2024-07-29,15.0,33.67812492450078,1,1,1,24,24.0,0,100.0,40.483266435575565,100.0
AE,pm25,µg/m³,2026-02-17,15.0,26.430734874064058,7,7,7,168,24.0,0,100.0,36.973087006749964,100.0
AE,pm25,µg/m³,2024-10-29,15.0,29.589409734915805,3,3,3,72,24.0,0,100.0,29.526186825744972,100.0
AE,pm25,µg/m³,2025-01-10,15.0,42.18801712327533,3,3,3,72,24.0,0,100.0,40.139217984003004,100.0
AE,pm25,µg/m³,2025-02-12,15.0,25.94393605236517,3,3,3,69,23.0,0,100.0,34.986746852154404,100.0
AE,pm25,µg/m³,2025-03-02,15.0,20.524894500496213,3,3,3,72,24.0,0,100.0,18.67535489058471,57.14285714285714
AE,pm25,µg/m³,2025-04-19,15.0,32.749373888527906,3,3,3,72,24.0,0,100.0,27.9736604395073,85.71428571428571
AE,pm25,µg/m³,2025-05-14,15.0,16.986666767961452,4,3,4,74,18.5,0,75.0,39.592126405583144,96.42857142857143
AE,pm25,µg/m³,2025-05-26,15.0,30.31634868668185,5,5,5,96,19.2,0,100.0,54.85570847832429,96.66666666666667
AE,pm25,µg/m³,2025-06-11,15.0,23.685414177496078,6,6,6,138,23.0,0,100.0,30.362930796748724,100.0
AE,pm25,µg/m³,2025-09-20,15.0,41.360875360667706,8,8,8,174,21.75,0,100.0,39.11912960406821,75.0
AE,pm25,µg/m³,2025-09-22,15.0,34.61638368429645,7,7,7,168,24.0,0,100.0,45.41698244388125,100.0
AE,pm25,µg/m³,2025-09-24,15.0,25.95763048732742,7,7,7,154,21.999999999999996,0,100.0,46.98826733935091,100.0
AE,pm25,µg/m³,2025-10-14,15.0,45.731158248925055,7,7,7,151,21.571428571428573,0,100.0,39.688959254391854,97.67441860465115
AE,pm25,µg/m³,2025-12-17,15.0,30.126164049380453,9,9,9,207,23.0,0,100.0,23.793753786413426,81.9672131147541
AE,pm25,µg/m³,2025-12-29,15.0,30.846858014479817,9,9,9,199,22.11111111111111,0,100.0,41.38672888696945,96.82539682539682
AE,pm25,µg/m³,2026-02-16,15.0,29.039320560135824,7,7,7,168,24.0,0,100.0,40.26067255584557,100.0
AE,pm25,µg/m³,2026-03-03,15.0,31.11944444444444,9,9,9,216,24.0,0,100.0,43.292303240740736,100.0
AE,pm25,µg/m³,2026-04-18,15.0,33.55869565217392,8,8,8,184,23.0,0,100.0,24.01466365257126,77.19298245614034
AE,pm25,µg/m³,2026-06-05,15.0,38.717261904761905,7,7,7,168,24.0,0,100.0,29.898299319727894,100.0
AE,pm25,µg/m³,2026-06-17,15.0,27.611309523809524,7,7,7,168,24.0,0,100.0,43.60245960884354,100.0
AE,pm25,µg/m³,2026-06-22,15.0,51.97948717948718,8,8,8,181,22.625,0,100.0,33.85564102564103,98.0
AE,pm25,µg/m³,2026-08-03,15.0,31.107812499999998,8,8,8,192,24.0,0,100.0,46.977306547619044,100.0
AE,pm25,µg/m³,2025-07-09,15.0,50.632341814211244,6,6,6,144,24.0,0,100.0,38.11036642278583,100.0
AE,pm25,µg/m³,2025-06-08,15.0,41.66998002043477,6,6,6,144,24.0,0,100.0,35.72339114956743,97.61904761904762
AE,pm25,µg/m³,2025-05-01,15.0,41.7078674852547,4,4,4,96,24.0,0,100.0,42.026268581183785,100.0
AE,pm25,µg/m³,2026-03-31,15.0,21.435648148148147,9,7,9,216,24.0,0,77.77777777777779,8.55162559175717,20.634920634920633
AE,pm25,µg/m³,2025-03-15,15.0,66.60544211475136,3,3,3,72,24.0,0,100.0,42.03394995200456,95.23809523809523
AE,pm25,µg/m³,2024-12-28,15.0,37.35521467526754,3,3,3,72,24.0,0,100.0,46.647482760873416,100.0
AE,pm25,µg/m³,2024-12-17,15.0,32.462564830426814,3,3,3,72,24.0,0,100.0,27.814312091273276,95.23809523809523
AE,pm25,µg/m³,2026-08-05,15.0,24.507812500000004,8,8,8,192,24.0,0,100.0,40.05647321428572,100.0
AE,pm25,µg/m³,2024-08-02,15.0,61.74785870975917,1,1,1,24,24.0,0,100.0,39.12587811144324,100.0
AE,pm25,µg/m³,2024-09-11,15.0,66.37121213566174,1,1,1,22,22.0,0,100.0,52.49992514218935,100.0
AE,pm25,µg/m³,2026-07-29,15.0,49.61666666666666,8,8,8,192,24.0,0,100.0,41.35796130952381,100.0
AE,pm25,µg/m³,2024-09-28,15.0,68.08697904480827,1,1,1,24,24.0,0,100.0,67.34453536404503,100.0
AE,pm25,µg/m³,2024-10-31,15.0,49.231732262505425,3,3,3,72,24.0,0,100.0,33.41763988911502,100.0
AE,pm25,µg/m³,2025-02-19,15.0,30.340344098788552,3,3,3,70,23.333333333333332,0,100.0,25.46659435478264,85.71428571428571
AE,pm25,µg/m³,2025-07-06,15.0,20.919154056514902,6,6,6,142,23.666666666666668,0,100.0,52.66409698463814,100.0
AE,pm25,µg/m³,2024-08-23,15.0,24.265625029802326,1,1,1,24,24.0,0,100.0,19.728118238274497,85.71428571428571
AE,pm25,µg/m³,2024-09-20,15.0,44.942361142900246,1,1,1,24,24.0,0,100.0,48.763938520635875,100.0
AE,pm25,µg/m³,2024-10-08,15.0,19.530358819497955,3,3,3,68,22.666666666666668,0,100.0,26.005698310335788,100.0
AE,pm25,µg/m³,2024-10-23,15.0,34.95700232629423,3,3,3,72,24.0,0,100.0,41.38935828120226,85.71428571428571
AE,pm25,µg/m³,2025-04-10,15.0,44.497063427059736,3,3,3,72,24.0,0,100.0,25.978546171089587,90.47619047619048
AE,pm25,µg/m³,2025-07-15,15.0,36.71074656846146,6,6,6,144,24.0,0,100.0,39.24078386971225,100.0
AE,pm25,µg/m³,2025-08-04,15.0,24.775343056228827,6,6,6,144,24.0,0,100.0,41.400566321676294,100.0
AE,pm25,µg/m³,2025-08-24,15.0,55.20639563290301,7,7,7,168,24.0,0,100.0,29.119792395692663,97.72727272727273
AE,pm25,µg/m³,2025-09-12,15.0,14.438175076218668,6,3,6,144,24.0,0,50.0,33.84025968913698,92.85714285714286
AE,pm25,µg/m³,2026-01-02,15.0,37.581077926730536,9,9,9,216,24.0,0,100.0,29.203683800890037,66.66666666666666
AE,pm25,µg/m³,2026-02-23,15.0,91.91032429049513,8,8,8,192,24.0,0,100.0,42.94451091950017,94.44444444444444
AE,pm25,µg/m³,2026-03-22,15.0,12.276388888888889,9,1,9,216,24.0,0,11.11111111111111,24.16084656084656,82.53968253968253
AE,pm25,µg/m³,2026-03-29,15.0,5.905555555555555,9,0,9,216,24.0,0,0.0,6.606784321915901,3.1746031746031744
AE,pm25,µg/m³,2026-04-24,15.0,14.052766798418972,8,3,8,183,22.875,0,37.5,30.33404574085199,85.18518518518519
AE,pm25,µg/m³,2026-05-04,15.0,36.973437499999996,8,8,8,179,22.375,0,100.0,30.609896665834164,100.0
AE,pm25,µg/m³,2026-05-25,15.0,40.53869047619048,7,7,7,168,24.0,0,100.0,31.6296981292517,68.0
AE,pm25,µg/m³,2026-05-27,15.0,44.583333333333336,7,7,7,168,24.0,0,100.0,30.11607142857143,77.55102040816327
AE,pm25,µg/m³,2026-06-19,15.0,21.199404761904763,7,6,7,168,24.0,0,85.71428571428571,40.832901785714284,97.95918367346938
AE,pm25,µg/m³,2026-06-30,15.0,42.57395833333333,8,8,8,192,24.0,0,100.0,42.243390171858216,100.0
AE,pm25,µg/m³,2026-08-21,15.0,35.97083333333334,8,8,8,192,24.0,0,100.0,44.37971753918959,100.0
AE,pm25,µg/m³,2026-04-03,15.0,39.20925925925926,9,9,9,216,24.0,0,100.0,19.203373015873016,60.317460317460316
AE,pm25,µg/m³,2026-02-26,15.0,37.5859375,8,8,8,192,24.0,0,100.0,61.63348664654816,100.0
AE,pm25,µg/m³,2026-01-19,15.0,43.06082710071847,9,9,9,216,24.0,0,100.0,37.17647724337667,85.71428571428571
AE,pm25,µg/m³,2026-01-11,15.0,57.804526676317295,9,9,9,204,22.666666666666668,0,100.0,36.65128210319857,92.06349206349206
AE,pm25,µg/m³,2026-01-01,15.0,13.825008424121073,9,3,9,216,24.0,0,33.33333333333333,32.78551537679005,66.66666666666666
AE,pm25,µg/m³,2025-12-18,15.0,26.531455756532182,9,9,9,216,24.0,0,100.0,22.874607080714075,82.25806451612904
AE,pm25,µg/m³,2025-11-30,15.0,46.7463767688734,8,8,8,192,24.0,0,100.0,40.248494905931025,100.0
AE,pm25,µg/m³,2025-11-08,15.0,12.904240604416424,7,3,7,166,23.714285714285715,0,42.857142857142854,33.13826617435011,81.63265306122449
AE,pm25,µg/m³,2025-08-19,15.0,25.067891073929342,6,6,6,144,24.0,0,100.0,32.137878851523496,100.0
AE,pm25,µg/m³,2025-08-02,15.0,30.55271485943519,6,6,6,143,23.833333333333336,0,100.0,42.218533199008164,100.0
AE,pm25,µg/m³,2025-06-03,15.0,43.84800293365734,6,6,6,114,19.0,0,100.0,43.21563257460976,97.36842105263158
AE,pm25,µg/m³,2025-01-02,15.0,12.957117239985402,3,0,3,72,24.0,0,0.0,41.615185437052645,85.71428571428571
AE,pm25,µg/m³,2025-07-17,15.0,53.33492514400771,6,6,6,144,24.0,0,100.0,41.880135962784415,100.0
AE,pm25,µg/m³,2026-07-10,15.0,38.923557692307696,8,8,8,181,22.625,0,100.0,44.43703353937729,100.0
AE,pm25,µg/m³,2026-04-19,15.0,36.82475090579711,8,8,8,191,23.875,0,100.0,25.144239659796728,87.5
AE,pm25,µg/m³,2026-04-02,15.0,27.791666666666664,9,9,9,216,24.0,0,100.0,14.21653439153439,46.03174603174603
AE,pm25,µg/m³,2025-12-13,15.0,20.120477215036118,9,8,9,193,21.444444444444443,0,88.88888888888889,27.70850911227015,98.27586206896551
AE,pm25,µg/m³,2024-09-07,15.0,53.7013889418708,1,1,1,24,24.0,0,100.0,25.8341503658465,71.42857142857143
AE,pm25,µg/m³,2025-01-01,15.0,30.8778363985044,3,3,3,72,24.0,0,100.0,48.30346407360686,100.0
AE,pm25,µg/m³,2025-04-06,15.0,20.12359196850748,3,3,3,72,24.0,0,100.0,35.313978806907826,90.47619047619048
AE,pm25,µg/m³,2025-04-09,15.0,21.0937673043121,3,3,3,72,24.0,0,100.0,29.360102919171982,90.47619047619048
AE,pm25,µg/m³,2025-04-23,15.0,39.01919041960328,3,3,3,72,24.0,0,100.0,30.91724976320904,85.71428571428571
AE,pm25,µg/m³,2025-06-18,15.0,32.204734585953474,6,6,6,144,24.0,0,100.0,49.66875923271934,100.0
AE,pm25,µg/m³,2025-07-31,15.0,59.569201860657984,6,6,6,144,24.0,0,100.0,41.221078985019275,100.0
AE,pm25,µg/m³,2025-10-12,15.0,28.296744726332353,6,6,6,144,24.0,0,100.0,42.046605007282096,100.0
AE,pm25,µg/m³,2026-01-05,15.0,20.13125854610109,9,7,9,216,24.0,0,77.77777777777779,23.53824968648341,63.49206349206349
AE,pm25,µg/m³,2026-02-03,15.0,56.58870008044702,9,9,9,213,23.666666666666668,0,100.0,35.562950123405216,96.82539682539682
AE,pm25,µg/m³,2026-06-26,15.0,33.4847619047619,7,7,7,164,23.428571428571427,0,100.0,42.0511746140764,100.0
AE,pm25,µg/m³,2026-07-25,15.0,45.328125,8,8,8,192,24.0,0,100.0,38.06837797619048,100.0
AE,pm25,µg/m³,2024-09-01,15.0,18.448611083957886,1,1,1,24,24.0,0,100.0,68.04567849646112,100.0
AE,pm25,µg/m³,2024-07-25,15.0,49.287500134220835,1,1,1,9,9.0,0,100.0,49.287500134220835,100.0
AE,pm25,µg/m³,2025-12-11,15.0,32.965482696427635,8,8,8,192,24.0,0,100.0,34.862335129103975,100.0
AE,pm25,µg/m³,2025-07-24,15.0,62.88894616453736,6,6,6,144,24.0,0,100.0,39.93601169741572,100.0
AE,pm25,µg/m³,2025-06-27,15.0,55.59104745970029,6,6,6,144,24.0,0,100.0,50.134967710832804,100.0
AE,pm25,µg/m³,2025-04-27,15.0,29.47128334107122,4,4,4,96,24.0,0,100.0,51.352880665290776,100.0
AE,pm25,µg/m³,2025-02-26,15.0,9.854875201152431,3,0,3,72,24.0,0,0.0,28.41033763906847,71.42857142857143
AE,pm25,µg/m³,2026-07-02,15.0,40.655208333333334,8,8,8,192,24.0,0,100.0,40.80388124328679,100.0
AE,pm25,µg/m³,2026-06-23,15.0,39.878125,8,8,8,192,24.0,0,100.0,36.42770310047096,98.0392156862745
AE,pm25,µg/m³,2026-05-28,15.0,38.66726190476191,7,7,7,168,24.0,0,100.0,34.06573129251701,89.79591836734694
AE,pm25,µg/m³,2026-04-14,15.0,26.20677083333333,8,8,8,192,24.0,0,100.0,24.537418388142072,77.04918032786885
AE,pm25,µg/m³,2025-02-20,15.0,45.401682251512156,3,3,3,72,24.0,0,100.0,29.678439420185597,90.47619047619048
AE,pm25,µg/m³,2024-09-30,15.0,19.840972256329323,1,1,1,24,24.0,0,100.0,61.51383102153029,100.0
AE,pm25,µg/m³,2025-09-07,15.0,48.250469762599394,6,6,6,133,22.166666666666668,0,100.0,37.145295720278426,100.0
AE,pm25,µg/m³,2024-08-15,15.0,26.81545141339302,1,1,1,24,24.0,0,100.0,20.95959178631537,85.71428571428571
AE,pm25,µg/m³,2024-10-13,15.0,45.79615157180362,2,2,2,48,24.0,0,100.0,36.87158640067098,100.0
AE,pm25,µg/m³,2024-10-21,15.0,79.12395827196264,3,3,3,72,24.0,0,100.0,34.735309181729995,76.19047619047619
AE,pm25,µg/m³,2024-12-02,15.0,32.27515335877737,3,3,3,72,24.0,0,100.0,26.561277274176398,80.95238095238095
AE,pm25,µg/m³,2024-12-22,15.0,34.24113190836376,3,3,3,72,24.0,0,100.0,35.21840040000132,100.0
AE,pm25,µg/m³,2025-05-15,15.0,15.1417274325094,4,2,4,94,23.5,0,50.0,38.208632233382836,89.28571428571429
AE,pm25,µg/m³,2025-08-16,15.0,25.66522770292229,6,6,6,144,24.0,0,100.0,30.655277307693517,90.47619047619048
AE,pm25,µg/m³,2025-10-24,15.0,46.85542332285611,7,7,7,168,24.0,0,100.0,41.79769502477867,100.0
AE,pm25,µg/m³,2026-01-22,15.0,7.861055462402319,9,0,9,216,24.0,0,0.0,27.469182297252175,71.42857142857143
AE,pm25,µg/m³,2026-03-18,15.0,23.065740740740743,9,9,9,216,24.0,0,100.0,32.546031746031744,87.3015873015873
AE,pm25,µg/m³,2026-04-22,15.0,22.765871710526316,8,8,8,187,23.375000000000004,0,100.0,32.621475159259674,94.44444444444444
AE,pm25,µg/m³,2026-07-14,15.0,69.65677083333334,8,8,8,192,24.0,0,100.0,50.6559323489011,100.0
AE,pm25,µg/m³,2026-07-18,15.0,26.828125,8,8,8,192,24.0,0,100.0,40.77760416666667,100.0
AE,pm25,µg/m³,2026-08-22,15.0,29.0828125,8,8,8,192,24.0,0,100.0,39.54526813442769,100.0
AE,pm25,µg/m³,2026-02-10,15.0,49.44383371773325,6,6,6,144,24.0,0,100.0,40.05914425233369,100.0
AE,pm25,µg/m³,2026-01-16,15.0,11.194889252116988,9,2,9,216,24.0,0,22.22222222222222,49.940401519644595,88.88888888888889
AE,pm25,µg/m³,2025-12-15,15.0,26.424452435082774,9,9,9,216,24.0,0,100.0,26.981794850758153,96.66666666666667
AE,pm25,µg/m³,2025-10-25,15.0,49.86436910622691,7,7,7,161,23.0,0,100.0,44.799335934129545,100.0
AE,pm25,µg/m³,2025-10-09,15.0,25.42653043508077,6,6,6,143,23.833333333333336,0,100.0,39.84760932662484,100.0
AE,pm25,µg/m³,2025-07-25,15.0,30.65358797463008,6,6,6,137,22.833333333333336,0,100.0,39.82183425701242,100.0
AE,pm25,µg/m³,2025-10-11,15.0,64.34106596060613,6,6,6,138,23.0,0,100.0,43.99223248659392,100.0
AE,pm25,µg/m³,2025-12-06,15.0,41.66859258352606,8,8,8,170,21.25,0,100.0,61.712392786163676,100.0
AE,pm25,µg/m³,2026-02-02,15.0,43.188099149967066,9,9,9,212,23.555555555555557,0,100.0,30.212913375109526,92.06349206349206
AE,pm25,µg/m³,2026-03-28,15.0,2.713425925925926,9,0,9,216,24.0,0,0.0,7.5169033695349485,4.761904761904762
AE,pm25,µg/m³,2026-05-12,15.0,49.08690476190476,7,7,7,168,24.0,0,100.0,31.35140247244437,88.0
AE,pm25,µg/m³,2024-10-22,15.0,53.464165440312144,3,3,3,72,24.0,0,100.0,38.47637327199201,76.19047619047619
AE,pm25,µg/m³,2024-10-25,15.0,40.636201037965144,3,3,3,72,24.0,0,100.0,47.09288057803947,100.0
AE,pm25,µg/m³,2025-06-01,15.0,19.017141754208556,6,5,6,68,11.333333333333334,0,83.33333333333334,38.855884145081525,97.22222222222221
AE,pm25,µg/m³,2025-06-09,15.0,25.13681781045732,6,6,6,133,22.166666666666668,0,100.0,32.84737973555018,97.61904761904762
AE,pm25,µg/m³,2025-06-29,15.0,65.90306714287512,6,6,6,144,24.0,0,100.0,48.253223981057,100.0
AE,pm25,µg/m³,2025-10-28,15.0,64.49010787275103,7,7,7,168,24.0,0,100.0,51.72921757656527,100.0
AE,pm25,µg/m³,2026-02-21,15.0,52.74948625817067,8,8,8,192,24.0,0,100.0,28.8258214758607,94.23076923076923
AE,pm25,µg/m³,2026-08-12,15.0,52.288020833333334,8,8,8,192,24.0,0,100.0,33.458705357142854,98.21428571428571
AE,pm25,µg/m³,2026-08-14,15.0,37.21458333333333,8,8,8,192,24.0,0,100.0,34.11875,98.21428571428571
AE,pm25,µg/m³,2025-06-04,15.0,18.19319231973754,6,5,6,144,24.0,0,83.33333333333334,38.920343953622094,94.87179487179486
AE,pm25,µg/m³,2025-03-28,15.0,47.432572238694135,3,3,3,72,24.0,0,100.0,32.066843361410754,95.23809523809523
AE,pm25,µg/m³,2025-03-18,15.0,66.28821837219726,3,3,3,72,24.0,0,100.0,59.45764315997023,100.0
AE,pm25,µg/m³,2024-08-01,15.0,36.86822919381989,1,1,1,24,24.0,0,100.0,36.98358315202678,100.0
AE,pm25,µg/m³,2026-07-16,15.0,25.159895833333334,8,8,8,192,24.0,0,100.0,45.38654990842491,100.0
AE,pm25,µg/m³,2026-07-07,15.0,49.94270833333333,8,8,8,192,24.0,0,100.0,40.18549107142857,100.0
AE,pm25,µg/m³,2026-04-07,15.0,39.06805555555555,9,4,9,210,23.333333333333332,0,44.44444444444444,32.06951058201058,84.12698412698413
AE,pm25,µg/m³,2026-03-12,15.0,18.913425925925925,9,5,9,216,24.0,0,55.55555555555556,28.41600529100529,82.53968253968253
AE,pm25,µg/m³,2024-07-26,15.0,46.751793993843926,1,1,1,24,24.0,0,100.0,48.019647064032384,100.0
AE,pm25,µg/m³,2024-08-27,15.0,101.85643937370993,1,1,1,22,22.0,0,100.0,37.157798237765334,85.71428571428571
AE,pm25,µg/m³,2024-10-03,15.0,33.50798613495297,1,1,1,24,24.0,0,100.0,38.64480818453289,100.0
AE,pm25,µg/m³,2024-11-18,15.0,49.49388503145288,3,3,3,72,24.0,0,100.0,46.21845669769693,100.0
AE,pm25,µg/m³,2025-03-04,15.0,21.916202765372063,3,3,3,72,24.0,0,100.0,19.396444032930646,71.42857142857143
AE,pm25,µg/m³,2025-03-13,15.0,61.92166782750023,3,3,3,72,24.0,0,100.0,26.12006179972616,66.66666666666666
AE,pm25,µg/m³,2025-04-20,15.0,33.365859405861954,3,3,3,72,24.0,0,100.0,28.815506169286667,85.71428571428571
AE,pm25,µg/m³,2025-09-29,15.0,48.46353458194393,6,6,6,138,23.0,0,100.0,41.49970042400521,97.72727272727273
AE,pm25,µg/m³,2025-10-22,15.0,41.94231250901128,7,7,7,168,24.0,0,100.0,36.516073791210914,100.0
AE,pm25,µg/m³,2026-02-09,15.0,40.313083442772424,8,8,8,153,19.125,0,100.0,41.07983944700708,100.0
AE,pm25,µg/m³,2026-04-29,15.0,27.018371212121213,8,8,8,190,23.75,0,100.0,26.468952964090775,85.71428571428571
AE,pm25,µg/m³,2026-05-03,15.0,32.74285714285714,7,7,7,168,24.0,0,100.0,28.132738927738927,100.0
AE,pm25,µg/m³,2026-06-12,15.0,36.03869047619048,7,7,7,168,24.0,0,100.0,33.558758503401364,97.95918367346938
AE,pm25,µg/m³,2026-07-15,15.0,37.72135416666667,8,8,8,192,24.0,0,100.0,48.049384729853486,100.0
AE,pm25,µg/m³,2026-01-14,15.0,52.528232000777734,9,9,9,214,23.77777777777778,0,100.0,55.57513923905596,100.0
AE,pm25,µg/m³,2025-12-25,15.0,50.86973614596952,9,9,9,216,24.0,0,100.0,25.889121883123245,87.09677419354838
AE,pm25,µg/m³,2025-12-14,15.0,20.493485354034828,9,8,9,200,22.22222222222222,0,88.88888888888889,26.48094028067673,96.61016949152543
AE,pm25,µg/m³,2025-11-22,15.0,37.393978833747084,8,8,8,192,24.0,0,100.0,56.583035721717444,100.0
AE,pm25,µg/m³,2026-07-19,15.0,27.896354166666665,8,8,8,192,24.0,0,100.0,37.93958333333333,100.0
AE,pm25,µg/m³,2026-03-16,15.0,33.53935185185185,9,9,9,216,24.0,0,100.0,30.062367724867723,76.19047619047619
AE,pm25,µg/m³,2025-12-28,15.0,39.781714450613954,9,9,9,204,22.666666666666668,0,100.0,39.58703134034754,91.93548387096774
AE,pm25,µg/m³,2025-12-20,15.0,23.83343658983217,9,8,9,216,24.0,0,88.88888888888889,22.785271839304226,80.95238095238095
AE,pm25,µg/m³,2025-11-29,15.0,48.31882553042386,8,8,8,192,24.0,0,100.0,38.21322943962567,100.0
AE,pm25,µg/m³,2025-10-30,15.0,48.17080098608887,7,7,7,166,23.714285714285715,0,100.0,53.61422543976427,100.0
AE,pm25,µg/m³,2025-10-04,15.0,37.806449429565845,6,6,6,138,23.0,0,100.0,42.92059188872519,100.0
AE,pm25,µg/m³,2025-08-14,15.0,59.122755361325815,6,6,6,144,24.0,0,100.0,28.298478720277306,90.47619047619048
AE,pm25,µg/m³,2025-11-19,15.0,81.44720188997411,8,8,8,172,21.5,0,100.0,51.54998542615804,100.0
AE,pm25,µg/m³,2025-09-18,15.0,60.60420951322473,8,8,8,146,18.25,0,100.0,28.619063607851306,59.09090909090909
AE,pm25,µg/m³,2024-08-04,15.0,38.843478119891614,1,1,1,23,23.0,0,100.0,41.73896931221261,100.0
AE,pm25,µg/m³,2024-08-05,15.0,34.69965272479587,1,1,1,24,24.0,0,100.0,41.884901855111906,100.0
AE,pm25,µg/m³,2024-08-08,15.0,19.262673586606986,1,1,1,24,24.0,0,100.0,37.326419709605666,100.0
AE,pm25,µg/m³,2024-09-15,15.0,56.53680565622118,1,1,1,24,24.0,0,100.0,52.70822698531195,100.0
AE,pm25,µg/m³,2024-11-06,15.0,48.66356093132937,3,3,3,72,24.0,0,100.0,55.55465992197158,100.0
AE,pm25,µg/m³,2024-11-20,15.0,49.46932867942033,3,3,3,72,24.0,0,100.0,43.213131047864124,100.0
AE,pm25,µg/m³,2024-11-27,15.0,40.850764642968585,3,3,3,72,24.0,0,100.0,47.610310945125065,100.0
AE,pm25,µg/m³,2024-11-30,15.0,17.046352440353346,3,2,3,72,24.0,0,66.66666666666666,30.068087976037585,85.71428571428571
AE,pm25,µg/m³,2025-03-10,15.0,21.035248825947445,3,3,3,72,24.0,0,100.0,16.675213908076916,61.904761904761905
AE,pm25,µg/m³,2025-04-04,15.0,29.691192918353607,3,3,3,72,24.0,0,100.0,39.37352013422383,100.0
AE,pm25,µg/m³,2025-05-21,15.0,99.61075650210734,4,4,4,96,24.0,0,100.0,52.61128399474551,92.85714285714286
AE,pm25,µg/m³,2025-08-21,15.0,17.73201271161898,6,5,6,144,24.0,0,83.33333333333334,23.766482580481675,97.61904761904762
AE,pm25,µg/m³,2025-08-26,15.0,46.99490432873433,7,7,7,168,24.0,0,100.0,36.652918582822025,97.82608695652173
AE,pm25,µg/m³,2025-09-25,15.0,23.11902355839207,6,5,6,144,24.0,0,83.33333333333334,41.63324077437482,98.0
AE,pm25,µg/m³,2025-10-13,15.0,21.403517454770615,6,5,6,144,24.0,0,83.33333333333334,38.669604561355676,97.61904761904762
AE,pm25,µg/m³,2025-10-27,15.0,59.31372197961051,7,7,7,168,24.0,0,100.0,48.258626388145,100.0
AE,pm25,µg/m³,2026-03-19,15.0,22.069444444444443,9,9,9,216,24.0,0,100.0,32.99689153439153,93.65079365079364
AE,pm25,µg/m³,2026-05-07,15.0,36.65428571428572,7,7,7,164,23.428571428571427,0,100.0,35.634414328231294,100.0
AE,pm25,µg/m³,2026-06-20,15.0,37.19166666666666,7,7,7,168,24.0,0,100.0,34.71958333333333,97.91666666666666
AE,pm25,µg/m³,2026-06-24,15.0,32.3015625,8,8,8,192,24.0,0,100.0,37.09773923992674,98.07692307692307
AE,pm25,µg/m³,2025-07-16,15.0,60.16035915817878,6,6,6,144,24.0,0,100.0,40.601929204564755,100.0
AE,pm25,µg/m³,2025-06-24,15.0,33.022741217915346,6,6,6,132,22.0,0,100.0,44.73059045296155,100.0
AE,pm25,µg/m³,2025-05-03,15.0,34.61814131173823,4,4,4,96,24.0,0,100.0,32.66523347754155,100.0
AE,pm25,µg/m³,2025-04-26,15.0,55.96031769778993,4,4,4,96,24.0,0,100.0,51.909248674546596,100.0
AE,pm25,µg/m³,2025-04-13,15.0,27.472939297406363,3,3,3,72,24.0,0,100.0,32.35333112943353,100.0
AE,pm25,µg/m³,2025-04-03,15.0,68.16796066363652,3,3,3,72,24.0,0,100.0,41.90800289427248,100.0
AE,pm25,µg/m³,2025-01-05,15.0,37.33760259541419,3,3,3,69,23.0,0,100.0,36.662981450511715,85.71428571428571
AE,pm25,µg/m³,2025-05-30,15.0,62.724421236515056,5,5,5,120,24.0,0,100.0,42.69588936357965,97.05882352941177
AE,pm25,µg/m³,2024-12-18,15.0,33.56182105084996,3,3,3,72,24.0,0,100.0,29.96878635421641,95.23809523809523
AE,pm25,µg/m³,2024-11-19,15.0,43.49720289972093,3,3,3,72,24.0,0,100.0,45.679106588456676,100.0
AE,pm25,µg/m³,2024-11-05,15.0,44.571064809958145,3,3,3,72,24.0,0,100.0,54.353904845853336,100.0
AE,pm25,µg/m³,2024-07-31,15.0,31.70746525790957,1,1,1,24,24.0,0,100.0,38.7577647149412,100.0
AE,pm25,µg/m³,2024-12-09,15.0,16.777124436365234,3,2,3,72,24.0,0,66.66666666666666,34.532750256884064,95.65217391304348
AE,pm25,µg/m³,2025-01-11,15.0,25.0354564208833,3,3,3,42,14.0,0,100.0,40.34401838726531,100.0
AE,pm25,µg/m³,2025-01-13,15.0,44.102177037821185,3,3,3,21,7.0,0,100.0,39.09372265732075,100.0
AE,pm25,µg/m³,2025-03-06,15.0,13.900040505109008,3,2,3,72,24.0,0,66.66666666666666,20.716252123854286,85.71428571428571
AE,pm25,µg/m³,2025-04-16,15.0,30.241477847099304,3,3,3,72,24.0,0,100.0,37.326611913758555,100.0
AE,pm25,µg/m³,2025-08-05,15.0,21.007711972903323,6,6,6,144,24.0,0,100.0,37.82670036131925,100.0
AE,pm25,µg/m³,2025-11-07,15.0,12.388617891283145,7,2,7,168,24.0,0,28.57142857142857,36.77124867846096,89.79591836734694
AE,pm25,µg/m³,2025-11-10,15.0,43.630952891411056,7,7,7,167,23.857142857142858,0,100.0,28.956427907289466,81.63265306122449
AE,pm25,µg/m³,2025-12-19,15.0,23.066351270773776,9,8,9,216,24.0,0,88.88888888888889,22.25484907147622,80.95238095238095
AE,pm25,µg/m³,2026-01-04,15.0,29.41731891038673,9,9,9,207,23.0,0,100.0,25.069049610537515,66.66666666666666
AE,pm25,µg/m³,2026-08-02,15.0,56.3109375,8,8,8,192,24.0,0,100.0,47.32909226190476,100.0
AE,pm25,µg/m³,2026-08-08,15.0,31.090104166666666,8,8,8,192,24.0,0,100.0,33.993229166666666,100.0
AE,pm25,µg/m³,2024-11-07,15.0,62.004456052073735,3,3,3,72,24.0,0,100.0,57.37933474905277,100.0
AE,pm25,µg/m³,2024-11-03,15.0,71.92708337969249,3,3,3,72,24.0,0,100.0,47.471806092473564,100.0
AE,pm25,µg/m³,2024-09-27,15.0,76.41504625479381,1,1,1,24,24.0,0,100.0,63.043072094992986,100.0
AE,pm25,µg/m³,2026-07-22,15.0,36.27447916666667,8,8,8,192,24.0,0,100.0,31.420982142857145,100.0
AE,pm25,µg/m³,2026-07-08,15.0,55.9671875,8,8,8,192,24.0,0,100.0,43.517857142857146,100.0
AE,pm25,µg/m³,2026-06-15,15.0,47.75625000000001,6,6,6,144,24.0,0,100.0,46.09414328231293,100.0
AE,pm25,µg/m³,2026-05-22,15.0,22.082738095238096,7,7,7,168,24.0,0,100.0,30.974433414670216,70.0
AE,pm25,µg/m³,2025-06-20,15.0,41.99665172784417,6,6,6,144,24.0,0,100.0,49.529958434213,100.0
AE,pm25,µg/m³,2025-05-19,15.0,64.51623302698135,4,4,4,84,21.0,0,100.0,33.75656070340633,89.28571428571429
AE,pm25,µg/m³,2025-04-05,15.0,14.62701899111271,3,1,3,72,24.0,0,33.33333333333333,36.68683243557889,90.47619047619048
AE,pm25,µg/m³,2025-03-20,15.0,63.210008579271815,3,3,3,72,24.0,0,100.0,61.44780095908549,100.0
AE,pm25,µg/m³,2024-11-09,15.0,54.98651610921931,3,3,3,72,24.0,0,100.0,55.923454016920125,100.0
AE,pm25,µg/m³,2024-08-31,15.0,25.890104154745732,1,1,1,24,24.0,0,100.0,69.33169039952003,100.0
AE,pm25,µg/m³,2024-08-07,15.0,31.425347252024547,1,1,1,24,24.0,0,100.0,39.84149908206466,100.0
AE,pm25,µg/m³,2024-08-03,15.0,52.1470734108062,1,1,1,24,24.0,0,100.0,40.08394863201377,100.0
AE,pm25,µg/m³,2024-08-20,15.0,16.816840244664085,1,1,1,24,24.0,0,100.0,24.603295667052528,100.0
AE,pm25,µg/m³,2024-09-17,15.0,40.84895839293799,1,1,1,24,24.0,0,100.0,45.71656033259359,100.0
AE,pm25,µg/m³,2024-10-11,15.0,48.87030247564668,3,3,3,53,17.666666666666668,0,100.0,31.704010919095893,100.0
AE,pm25,µg/m³,2024-10-24,15.0,27.292833891122488,3,3,3,72,24.0,0,100.0,43.767187066368024,100.0
AE,pm25,µg/m³,2024-12-15,15.0,32.696332762638725,3,3,3,72,24.0,0,100.0,25.839360852354087,90.47619047619048
AE,pm25,µg/m³,2025-03-16,15.0,44.66203476985296,3,3,3,72,24.0,0,100.0,46.38454037246766,100.0
AE,pm25,µg/m³,2025-06-06,15.0,29.966095289698355,6,6,6,144,24.0,0,100.0,29.216182844535037,95.1219512195122
AE,pm25,µg/m³,2025-07-13,15.0,26.111343742219685,6,6,6,144,24.0,0,100.0,39.01329113786506,100.0
AE,pm25,µg/m³,2025-09-13,15.0,14.889349804683164,6,3,6,144,24.0,0,50.0,32.262657665438326,85.71428571428571
AE,pm25,µg/m³,2025-09-17,15.0,53.164945462536735,6,6,6,144,24.0,0,100.0,23.25878793784875,57.14285714285714
AE,pm25,µg/m³,2025-09-21,15.0,26.128643256094723,7,7,7,168,24.0,0,100.0,41.78786715783247,87.75510204081633
AE,pm25,µg/m³,2025-11-03,15.0,47.670160261066904,7,7,7,168,24.0,0,100.0,49.63036823976185,100.0
AE,pm25,µg/m³,2026-01-03,15.0,44.40194849868616,9,9,9,216,24.0,0,100.0,26.54967754485569,66.66666666666666
AE,pm25,µg/m³,2026-01-09,15.0,51.59332561741886,9,9,9,216,24.0,0,100.0,30.944948842253577,92.06349206349206
AE,pm25,µg/m³,2026-02-24,15.0,89.0832400672213,8,8,8,192,24.0,0,100.0,51.894868804236914,94.54545454545455
AE,pm25,µg/m³,2026-04-25,15.0,44.15989583333333,8,8,8,169,21.124999999999996,0,100.0,31.84850290958905,85.18518518518519
AE,pm25,µg/m³,2026-05-31,15.0,25.986309523809524,7,7,7,168,24.0,0,100.0,39.56292517006803,100.0
AE,pm25,µg/m³,2026-06-11,15.0,33.22976190476191,7,7,7,168,24.0,0,100.0,33.94141156462585,97.95918367346938
AE,pm25,µg/m³,2026-08-04,15.0,23.2515625,8,8,8,192,24.0,0,100.0,43.64345238095238,100.0
AE,pm25,µg/m³,2026-08-29,15.0,53.61927083333333,8,8,8,192,24.0,0,100.0,39.603050595238095,100.0
AE,pm25,µg/m³,2024-09-24,15.0,73.88593762450748,1,1,1,24,24.0,0,100.0,49.97070933807464,100.0
AE,pm25,µg/m³,2024-09-08,15.0,38.83802076180776,1,1,1,24,24.0,0,100.0,28.74692317696791,71.42857142857143
AE,pm25,µg/m³,2026-08-26,15.0,31.387500000000003,8,8,8,192,24.0,0,100.0,35.39362060041408,100.0
AE,pm25,µg/m³,2025-06-02,15.0,45.26889770857814,6,6,6,72,12.0,0,100.0,40.99196257678099,97.2972972972973
PK,pm25,µg/m³,2025-12-23,15.0,93.49681247557639,260,257,260,5015,19.192307692307693,1,98.84615384615385,180.94636268181165,99.15349887133182
PK,pm25,µg/m³,2026-06-30,15.0,39.57708501889951,182,171,182,3777,20.58791208791208,0,93.95604395604396,35.68957665392105,92.29508196721311
PK,pm25,µg/m³,2026-05-26,15.0,33.04705618314202,172,149,172,3795,21.8953488372093,0,86.62790697674419,31.041563620965167,84.86238532110092
PK,pm25,µg/m³,2026-07-18,15.0,39.12304486704989,177,163,177,3710,20.785310734463284,0,92.09039548022598,37.827999389221986,93.38296112489661
PK,pm25,µg/m³,2026-04-29,15.0,30.79975998437649,219,181,219,4504,20.46118721461187,0,82.64840182648402,37.41222692421472,89.09451421017846
PK,pm25,µg/m³,2026-03-24,15.0,44.73637662743125,242,220,242,5032,20.619834710743785,0,90.9090909090909,43.70006798295847,91.24685138539043
PK,pm25,µg/m³,2025-09-05,15.0,40.62432690836203,129,127,129,2745,20.976744186046517,1,98.44961240310077,32.25363919319293,83.96860986547085
PK,pm25,µg/m³,2025-09-03,15.0,32.76984991402843,132,104,132,2288,17.02272727272727,1,78.78787878787878,34.62694229548922,84.65011286681715
PK,pm25,µg/m³,2025-07-04,15.0,51.71267246585108,125,123,125,2588,20.479999999999997,1,98.4,46.01338125134184,96.7741935483871
PK,pm25,µg/m³,2026-05-15,15.0,37.79496994113073,196,174,196,4108,20.877551020408156,0,88.77551020408163,53.72310934370493,94.21088904203997
PK,pm25,µg/m³,2026-04-12,15.0,44.43601710667779,205,186,205,4274,20.741463414634136,0,90.73170731707317,35.49650754340591,86.3517060367454
PK,pm25,µg/m³,2026-04-05,15.0,38.93516441882971,209,178,209,4385,20.85645933014354,0,85.16746411483254,35.101192013756844,86.93467336683418
PK,pm25,µg/m³,2026-03-02,15.0,85.55557130226435,261,258,261,5299,20.153256704980848,0,98.85057471264368,95.77354023956997,98.83788495061012
PK,pm25,µg/m³,2026-02-11,15.0,77.47328323844918,219,214,219,4297,19.47031963470321,1,97.71689497716895,97.97861362792473,98.2324949014276
PK,pm25,µg/m³,2026-02-10,15.0,88.05514371513294,209,206,209,4207,19.942583732057425,1,98.56459330143541,103.13055129008879,98.09911744738629
PK,pm25,µg/m³,2026-01-14,15.0,193.59200972712028,229,227,229,4738,20.475982532751086,1,99.12663755458514,171.3973074234508,99.37539038101187
PK,pm25,µg/m³,2025-11-14,15.0,210.28756373096317,148,145,148,2054,13.763513513513512,1,97.97297297297297,174.57465733422814,98.5192497532083
PK,pm25,µg/m³,2025-10-16,15.0,105.39238622003776,142,142,142,3028,21.04225352112675,1,100.0,84.35290034936877,98.86246122026887
PK,pm25,µg/m³,2025-06-09,15.0,39.63095393584813,40,40,40,970,23.4,1,100.0,40.56346670976973,99.65034965034964
PK,pm25,µg/m³,2025-08-14,15.0,37.807626979475515,129,127,129,2868,21.813953488372086,1,98.44961240310077,37.906264290891514,93.56223175965665
PK,pm25,µg/m³,2025-09-25,15.0,48.62556341428597,146,145,146,3064,20.64383561643835,1,99.31506849315068,50.02113166768613,97.31404958677686
PK,pm25,µg/m³,2025-11-30,15.0,159.91611468921027,252,251,252,5189,20.43253968253969,0,99.60317460317461,166.9281475301666,99.42857142857143
PK,pm25,µg/m³,2026-02-26,15.0,97.4235327268005,246,244,246,4889,19.686991869918707,0,99.1869918699187,107.45698291339534,98.98798228969007
PK,pm25,µg/m³,2026-03-09,15.0,92.82501452659272,239,236,239,4953,20.50209205020921,0,98.74476987447699,92.90486440350261,98.35969537199766
PK,pm25,µg/m³,2026-06-04,15.0,33.47786132239175,184,159,184,3625,19.57065217391305,0,86.41304347826086,33.190755512251975,92.62166405023548
PK,pm25,µg/m³,2026-08-19,15.0,29.243333116784374,192,169,192,4081,21.078125000000004,0,88.02083333333334,36.5955209372469,93.43511450381679
PK,pm25,µg/m³,2025-09-16,15.0,40.94475808502931,137,134,137,2897,20.76642335766424,1,97.8102189781022,41.46904130127634,94.82948294829482
PK,pm25,µg/m³,2025-08-26,15.0,28.22864943614072,128,100,128,2626,20.187499999999993,1,78.125,35.088431312652325,85.9392575928009
PK,pm25,µg/m³,2025-07-10,15.0,34.78739114964901,129,124,129,2725,20.74418604651162,1,96.12403100775194,37.84717920647095,94.44444444444444
PK,pm25,µg/m³,2026-07-08,15.0,40.65126090181425,183,178,183,3648,19.852459016393446,0,97.26775956284153,43.00809601140338,95.31746031746032
PK,pm25,µg/m³,2026-05-03,15.0,30.203693410179508,205,175,205,4228,20.541463414634137,0,85.36585365853658,35.18327389107674,87.74834437086093
PK,pm25,µg/m³,2026-02-20,15.0,118.63796541293422,209,208,209,4325,20.511961722488035,0,99.52153110047847,118.80002539264844,98.3739837398374
PK,pm25,µg/m³,2025-11-26,15.0,171.98295093932754,276,274,276,5614,20.16666666666667,1,99.27536231884058,181.2511448895106,99.63842975206612
PK,pm25,µg/m³,2025-10-29,15.0,204.18824726153886,141,141,141,2907,20.347517730496456,1,100.0,161.57771922435902,99.69293756397134
PK,pm25,µg/m³,2025-07-05,15.0,45.180012397500306,114,113,114,2527,21.815789473684216,1,99.12280701754386,43.40620130024982,96.62921348314607
PK,pm25,µg/m³,2025-06-17,15.0,42.41321762579911,70,65,70,1448,20.457142857142856,1,92.85714285714286,44.86434595961866,98.20971867007673
PK,pm25,µg/m³,2026-08-17,15.0,30.350939538850923,194,171,194,3595,18.44329896907218,0,88.14432989690721,41.518321685983864,95.22365428354814
PK,pm25,µg/m³,2026-06-29,15.0,37.97951569422181,185,171,185,3874,20.708108108108114,0,92.43243243243244,35.26366705607194,92.22585924713584
PK,pm25,µg/m³,2026-01-09,15.0,131.76076041031735,231,229,231,4793,20.619047619047606,1,99.13419913419914,131.77703217941195,98.88888888888889
PK,pm25,µg/m³,2025-11-27,15.0,167.35475395132278,275,273,275,5394,19.476363636363637,1,99.27272727272727,179.14658915489375,99.53512396694215
PK,pm25,µg/m³,2025-11-01,15.0,178.10935592210464,143,142,143,3020,20.76923076923077,1,99.3006993006993,181.02500477320987,99.69325153374233
PK,pm25,µg/m³,2025-10-26,15.0,162.7253645022396,123,123,123,2845,22.764227642276435,1,100.0,133.6879212684451,99.9000999000999
PK,pm25,µg/m³,2025-09-14,15.0,42.621800290390865,122,115,122,2688,21.614754098360656,1,94.26229508196722,42.64711863683447,93.63839285714286
PK,pm25,µg/m³,2025-08-04,15.0,27.672011812657278,124,104,124,2608,20.69354838709677,1,83.87096774193549,33.384304481287735,93.08641975308643
PK,pm25,µg/m³,2025-06-01,15.0,32.009911194685806,21,21,21,308,12.238095238095237,0,100.0,32.009911194685806,100.0
PK,pm25,µg/m³,2025-06-15,15.0,39.37418425132854,50,50,50,1113,21.66,1,100.0,42.41031366243048,99.71014492753623
PK,pm25,µg/m³,2025-07-27,15.0,51.7445772248367,103,101,103,2275,21.669902912621364,1,98.05825242718447,40.12836738888262,94.16058394160584
PK,pm25,µg/m³,2025-08-30,15.0,34.16015979784079,123,117,123,2562,20.48780487804879,1,95.1219512195122,34.674335722158325,86.91159586681975
PK,pm25,µg/m³,2025-09-06,15.0,38.950582030237435,121,120,121,2694,21.884297520661157,1,99.17355371900827,32.93798522639245,84.49438202247191
PK,pm25,µg/m³,2025-09-18,15.0,42.712011892093685,139,133,139,2792,19.769784172661872,1,95.68345323741008,42.43634339797955,95.45945945945947
PK,pm25,µg/m³,2025-09-26,15.0,52.42281536120577,146,141,146,3084,20.86301369863014,1,96.57534246575342,51.18920863719684,97.34151329243353
PK,pm25,µg/m³,2025-10-22,15.0,117.71789880135925,152,152,152,3245,21.07236842105263,1,100.0,118.07571525106111,100.0
PK,pm25,µg/m³,2025-12-02,15.0,192.45193430718268,283,281,283,5459,19.13427561837454,0,99.29328621908127,169.0987233193114,99.36908517350159
PK,pm25,µg/m³,2026-03-05,15.0,94.29167744239423,249,244,249,5234,20.903614457831317,0,97.99196787148594,89.36062319278142,98.62700228832952
PK,pm25,µg/m³,2026-08-26,15.0,40.957754654387536,192,185,192,4090,21.067708333333336,0,96.35416666666666,36.79931982383252,95.72463768115942
PK,pm25,µg/m³,2025-07-18,15.0,53.86205609037301,124,122,124,2653,20.951612903225804,1,98.38709677419355,43.67804560623352,95.94907407407408
PK,pm25,µg/m³,2025-07-17,15.0,41.58959613097949,123,120,123,2528,20.178861788617876,1,97.5609756097561,41.90286508954474,95.8477508650519
PK,pm25,µg/m³,2025-07-11,15.0,41.435792473551594,127,124,127,2677,20.77165354330709,1,97.63779527559055,36.379053493285305,94.3418013856813
PK,pm25,µg/m³,2025-06-27,15.0,62.475995654622004,124,123,124,2577,20.50806451612902,1,99.19354838709677,47.91842544522252,99.09909909909909
PK,pm25,µg/m³,2026-08-24,15.0,40.71645772695009,198,193,198,4165,20.838383838383837,0,97.47474747474747,33.200982127602565,93.90154298310065
PK,pm25,µg/m³,2026-07-28,15.0,51.079706748691805,171,168,171,3453,20.093567251461987,0,98.24561403508771,42.111263914101386,90.848026868178
PK,pm25,µg/m³,2026-06-24,15.0,34.97323628479964,187,176,187,4011,21.310160427807485,0,94.11764705882352,32.167818576753774,90.0
PK,pm25,µg/m³,2026-03-18,15.0,43.604752560392974,243,223,243,5078,20.748971193415642,0,91.76954732510289,47.515759744328264,91.2291169451074
PK,pm25,µg/m³,2025-12-28,15.0,204.88263462172137,228,225,228,4528,19.675438596491222,1,98.68421052631578,153.2086456436424,98.55595667870037
PK,pm25,µg/m³,2025-08-17,15.0,37.40321507101611,120,116,120,2611,21.308333333333334,1,96.66666666666667,40.47629767051277,95.96949891067538
PK,pm25,µg/m³,2026-03-31,15.0,32.21431692823807,232,207,232,4815,20.586206896551722,0,89.22413793103449,35.320688303285735,87.85276073619632
PK,pm25,µg/m³,2026-03-21,15.0,42.48678314127623,218,206,218,4919,22.38073394495413,0,94.4954128440367,40.27697849765519,90.37037037037037
PK,pm25,µg/m³,2026-02-13,15.0,104.88901464402495,215,210,215,4263,19.600000000000016,1,97.67441860465115,95.4907180293412,98.17813765182186
PK,pm25,µg/m³,2026-01-02,15.0,130.54926534456118,242,241,242,4821,19.7314049586777,1,99.58677685950413,176.56960001741268,98.35866261398176
PK,pm25,µg/m³,2025-06-08,15.0,36.09393324484144,40,40,40,930,22.300000000000008,1,100.0,38.507666771738855,99.63235294117648
PK,pm25,µg/m³,2025-06-05,15.0,47.05560737607611,45,45,45,941,20.2,1,100.0,33.51060588786635,99.42528735632183
PK,pm25,µg/m³,2026-06-05,15.0,36.48760688368285,187,171,187,3666,19.43850267379679,0,91.44385026737967,34.00473793976929,92.73008507347255
PK,pm25,µg/m³,2026-05-30,15.0,29.53099358523006,178,158,178,3653,20.376404494382033,0,88.76404494382022,31.61435012261793,86.4600326264274
PK,pm25,µg/m³,2026-03-30,15.0,31.988856271122284,234,192,234,4669,19.764957264957268,0,82.05128205128204,37.109553974599045,88.10975609756098
PK,pm25,µg/m³,2026-03-07,15.0,93.40647858956626,237,234,237,5033,21.0126582278481,0,98.73417721518987,89.04747965512759,98.51002865329514
PK,pm25,µg/m³,2025-08-10,15.0,41.80273849687723,122,114,122,2705,21.80327868852459,1,93.44262295081968,32.41632231598432,90.18743109151048
PK,pm25,µg/m³,2025-08-13,15.0,39.17699327102399,138,134,138,2952,21.007246376811597,1,97.10144927536231,36.89977371954667,92.85714285714286
PK,pm25,µg/m³,2025-10-10,15.0,60.52970586754038,137,133,137,3076,22.167883211678827,1,97.08029197080292,51.43765768057567,96.81190223166844
PK,pm25,µg/m³,2025-10-11,15.0,70.4997380432162,136,134,136,2821,20.51470588235295,1,98.52941176470588,52.142025052902056,96.80851063829788
PK,pm25,µg/m³,2025-12-21,15.0,189.2064382919415,246,241,246,4797,19.33739837398373,1,97.96747967479675,199.8214702836175,99.37357630979498
PK,pm25,µg/m³,2026-02-05,15.0,109.57725768526443,213,207,213,4419,20.553990610328626,1,97.1830985915493,124.08214298544488,98.48883048620236
PK,pm25,µg/m³,2026-02-23,15.0,107.70308637999864,242,239,242,4685,19.198347107438018,0,98.7603305785124,116.4453439960985,98.53626081170991
PK,pm25,µg/m³,2026-04-21,15.0,47.68397792156914,230,210,230,4616,19.991304347826073,0,91.30434782608695,39.707338913140866,89.65291421087099
PK,pm25,µg/m³,2026-06-06,15.0,34.990230114116635,170,154,170,3684,21.552941176470583,0,90.58823529411765,34.78462887246737,92.99610894941634
PK,pm25,µg/m³,2026-06-28,15.0,36.5148941646758,162,153,162,3664,22.333333333333325,0,94.44444444444444,33.89078336700732,91.5504511894996
PK,pm25,µg/m³,2026-07-04,15.0,45.571064162153064,176,167,176,3676,20.732954545454547,0,94.88636363636364,38.67934606720601,93.47133757961782
PK,pm25,µg/m³,2026-07-14,15.0,35.25008673450807,180,169,180,3624,19.861111111111107,0,93.88888888888889,36.97525772876475,94.08427876823339
PK,pm25,µg/m³,2026-07-29,15.0,36.51358530929343,172,166,172,3550,20.52325581395348,0,96.51162790697676,42.77446969225096,93.00168634064082
PK,pm25,µg/m³,2026-08-07,15.0,32.98774070046921,193,183,193,3976,20.56476683937824,0,94.81865284974094,39.39738356184391,96.54901960784314
PK,pm25,µg/m³,2025-12-14,15.0,235.7849337888558,229,229,229,4790,20.68995633187773,1,100.0,201.15999314684967,99.47997919916797
PK,pm25,µg/m³,2025-11-28,15.0,155.73608277075658,276,275,276,5520,19.858695652173903,1,99.63768115942028,174.91820697060624,99.48186528497409
PK,pm25,µg/m³,2025-11-20,15.0,182.08664409364093,275,275,275,5018,18.08727272727273,1,100.0,190.4817866569578,99.07473309608541
PK,pm25,µg/m³,2025-10-14,15.0,92.1551142636873,141,139,141,3075,21.475177304964532,1,98.58156028368793,72.13486118356956,98.75
PK,pm25,µg/m³,2025-08-28,15.0,48.04978116795837,125,123,125,2596,20.472000000000012,1,98.4,36.57623485750298,85.86088939566704
PK,pm25,µg/m³,2025-08-21,15.0,42.08522806381932,131,127,131,2665,19.95419847328244,1,96.94656488549617,41.21003329180724,96.5478841870824
PK,pm25,µg/m³,2025-08-15,15.0,42.71718342687055,132,130,132,2791,20.765151515151523,1,98.48484848484848,39.52718045508631,94.51022604951561
PK,pm25,µg/m³,2026-08-03,15.0,42.57652104655845,179,173,179,3663,20.391061452513963,0,96.64804469273743,41.209327322728825,96.97712418300654
PK,pm25,µg/m³,2026-07-23,15.0,30.265326919930594,182,150,182,3377,18.423076923076927,0,82.41758241758241,35.38570402793683,88.871096877502
PK,pm25,µg/m³,2026-06-01,15.0,36.01754727590787,193,186,193,3994,20.518134715025912,0,96.37305699481865,32.840653274643685,90.25389025389026
PK,pm25,µg/m³,2026-04-11,15.0,32.39200391778004,217,193,217,4494,20.612903225806456,0,88.94009216589862,34.7106714451419,85.6020942408377
PK,pm25,µg/m³,2026-02-24,15.0,110.05876469386959,243,240,243,4589,18.69135802469135,0,98.76543209876543,114.78905559661001,98.69536855838226
PK,pm25,µg/m³,2025-12-15,15.0,206.0722743203436,258,256,258,4923,18.976744186046524,1,99.2248062015504,208.36196320108112,99.46836788942052
PK,pm25,µg/m³,2025-12-01,15.0,174.15871937054945,270,268,270,5214,19.140740740740736,0,99.25925925925925,165.8630013579527,99.31901519119958
PK,pm25,µg/m³,2025-11-18,15.0,195.55245106349776,261,257,261,4162,15.789272030651352,1,98.46743295019157,192.97590292021425,98.87931034482759
PK,pm25,µg/m³,2025-10-31,15.0,182.213568441597,148,148,148,3053,20.27702702702703,1,100.0,176.18352924813468,99.79529170931423
PK,pm25,µg/m³,2025-10-23,15.0,132.6150844797717,146,146,146,3203,21.671232876712324,1,100.0,121.96467214530882,100.0
PK,pm25,µg/m³,2025-10-07,15.0,42.53332635750688,136,133,136,2912,21.147058823529413,1,97.79411764705883,53.390005602715675,96.96335078534032
PK,pm25,µg/m³,2025-07-20,15.0,41.14473888678906,119,106,119,2598,21.470588235294116,1,89.07563025210085,43.17808752426241,95.57625145518044
PK,pm25,µg/m³,2026-08-04,15.0,46.65134361864784,184,179,184,3834,20.706521739130448,0,97.28260869565217,40.576704018436835,96.84721099434115
PK,pm25,µg/m³,2025-06-02,15.0,25.24035436963207,26,26,26,311,10.576923076923078,0,100.0,28.62513278215894,100.0
PK,pm25,µg/m³,2025-06-25,15.0,42.83975171998077,119,119,119,2215,18.31932773109244,1,100.0,46.916724288412595,97.88135593220339
PK,pm25,µg/m³,2025-10-01,15.0,73.85368152014313,145,144,145,3142,21.344827586206893,1,99.3103448275862,69.90854577002216,98.80239520958084
PK,pm25,µg/m³,2025-12-03,15.0,181.0954868505063,303,303,303,5559,18.184818481848172,0,100.0,170.4005141637655,99.48159668221876
PK,pm25,µg/m³,2026-01-23,15.0,47.14372554890724,225,211,225,4217,18.53333333333333,1,93.77777777777779,157.64135940821743,98.19314641744549
PK,pm25,µg/m³,2026-05-09,15.0,82.74389917923804,211,210,211,4467,21.080568720379144,0,99.52606635071089,50.62456000129135,93.52037408149633
PK,pm25,µg/m³,2026-05-11,15.0,41.405213163975894,216,203,216,4018,18.39351851851853,0,93.98148148148148,59.688098517927216,96.2566844919786
PK,pm25,µg/m³,2026-05-22,15.0,30.821107733733857,189,166,189,4125,21.650793650793645,0,87.83068783068782,35.2649822700012,87.99710773680405
PK,pm25,µg/m³,2026-08-18,15.0,33.24105987562008,192,182,192,4040,20.89583333333333,0,94.79166666666666,39.373696524624904,94.8170731707317
PK,pm25,µg/m³,2026-07-22,15.0,31.871144862246418,177,145,177,3634,20.440677966101703,0,81.92090395480226,36.96487993925793,90.64516129032259
PK,pm25,µg/m³,2026-06-14,15.0,38.58590591737639,167,156,167,3708,22.12574850299403,0,93.41317365269461,36.0043705404295,89.96865203761756
PK,pm25,µg/m³,2026-05-06,15.0,50.45814597383149,219,208,219,4621,20.981735159817344,0,94.97716894977168,37.12895183389449,88.97009966777408
PK,pm25,µg/m³,2026-03-11,15.0,79.02191212327882,250,235,250,5119,20.30799999999999,0,94.0,91.79334141596854,97.52650176678446
PK,pm25,µg/m³,2025-12-26,15.0,165.52380447521043,223,221,223,4715,20.959641255605387,1,99.10313901345292,153.65425413683923,98.70283018867924
PK,pm25,µg/m³,2025-12-25,15.0,142.81158476370055,234,231,234,4749,20.14102564102564,1,98.71794871794873,161.1941054907707,98.78962536023054
PK,pm25,µg/m³,2025-09-10,15.0,38.540347216157855,126,119,126,2615,20.658730158730155,1,94.44444444444444,39.434580560108564,95.3409090909091
PK,pm25,µg/m³,2025-08-22,15.0,50.60864563812082,132,121,132,2799,20.893939393939387,1,91.66666666666666,42.33738503627157,95.54565701559021
PK,pm25,µg/m³,2025-07-29,15.0,35.97422749801788,113,110,113,2373,20.681415929203542,1,97.34513274336283,42.04264652424435,95.19595448798988
PK,pm25,µg/m³,2026-07-20,15.0,41.55353340874845,181,174,181,3710,20.370165745856358,0,96.13259668508287,38.03599726599192,94.3135662063363
PK,pm25,µg/m³,2026-07-09,15.0,39.41116869801141,181,174,181,3486,19.143646408839775,0,96.13259668508287,44.2983912778785,96.17834394904459
PK,pm25,µg/m³,2026-05-31,15.0,33.66725123489515,173,167,173,3797,21.82080924855491,0,96.53179190751445,31.76900711096123,87.77686628383921
PK,pm25,µg/m³,2026-04-19,15.0,38.158381911017514,198,180,198,4283,21.459595959595962,0,90.9090909090909,42.846742371135015,90.74074074074075
PK,pm25,µg/m³,2026-02-04,15.0,113.5368468735976,221,214,221,4574,20.597285067873308,1,96.83257918552036,122.09186009934646,98.76302083333334
PK,pm25,µg/m³,2026-01-29,15.0,95.64527748257554,227,225,227,4357,18.991189427312783,1,99.11894273127754,85.65864643539746,97.15394566623544
PK,pm25,µg/m³,2025-06-18,15.0,48.92930400348112,77,72,77,1587,20.337662337662337,1,93.5064935064935,45.212349787303474,97.14285714285714
PK,pm25,µg/m³,2025-07-07,15.0,37.08690175628763,127,118,127,2622,20.464566929133863,1,92.91338582677166,40.841943914687555,96.32606199770379
PK,pm25,µg/m³,2025-10-12,15.0,77.17981072147435,125,125,125,2901,22.919999999999998,1,100.0,57.55298384166689,96.91817215727949
PK,pm25,µg/m³,2025-12-09,15.0,169.46012753209197,309,305,309,5568,17.90614886731393,0,98.70550161812298,173.04355983280064,99.41775836972343
PK,pm25,µg/m³,2025-12-11,15.0,214.418289362981,290,289,290,5502,18.83103448275863,0,99.6551724137931,179.78164898315413,99.41377625793845
PK,pm25,µg/m³,2026-02-09,15.0,110.00749602520862,219,215,219,4387,19.84018264840182,1,98.17351598173516,109.45699854393506,98.1157469717362
PK,pm25,µg/m³,2026-04-30,15.0,28.87721963741592,220,182,220,4577,20.695454545454545,0,82.72727272727273,34.466824375077685,87.40053050397879
PK,pm25,µg/m³,2026-06-16,15.0,36.71571234459281,183,173,183,3757,20.4863387978142,0,94.53551912568307,33.63182349543628,90.03891050583658
PK,pm25,µg/m³,2026-06-22,15.0,28.369329870769494,182,160,182,3974,21.763736263736245,0,87.91208791208791,32.07369542006506,89.792663476874
PK,pm25,µg/m³,2026-08-09,15.0,45.804308033682915,175,167,175,3740,21.199999999999985,0,95.42857142857143,39.00245891241873,96.05568445475639
PK,pm25,µg/m³,2025-11-19,15.0,177.06022492836092,268,265,268,5365,19.888059701492526,1,98.88059701492537,190.11033842483008,98.828125
PK,pm25,µg/m³,2025-10-08,15.0,57.96279502604643,141,139,141,3009,21.148936170212778,1,98.58156028368793,51.11987896070186,96.84542586750788
PK,pm25,µg/m³,2025-08-03,15.0,37.12004438572846,105,100,105,2315,21.81904761904762,1,95.23809523809523,36.23208891183702,94.9748743718593
PK,pm25,µg/m³,2025-07-13,15.0,47.70439868043661,118,109,118,2609,21.96610169491526,1,92.37288135593221,38.9988193695389,94.35028248587571
PK,pm25,µg/m³,2025-06-11,15.0,46.49327720968743,48,48,48,1025,20.58333333333333,1,100.0,43.86283064598956,100.0
PK,pm25,µg/m³,2026-08-29,15.0,38.19549451159294,198,185,198,4085,20.5050505050505,0,93.43434343434343,39.78932707891576,95.8541815582559
PK,pm25,µg/m³,2026-07-31,15.0,34.08461263510336,182,177,182,3810,20.824175824175818,0,97.25274725274726,44.57474596609304,96.71440606571188
PK,pm25,µg/m³,2026-06-20,15.0,32.400943631915986,178,159,178,3516,19.634831460674167,0,89.32584269662921,34.78407949781394,91.19047619047619
PK,pm25,µg/m³,2026-02-15,15.0,110.46605353206726,195,191,195,4088,20.748717948717943,1,97.94871794871794,100.83442293145123,98.17567567567568
PK,pm25,µg/m³,2026-02-07,15.0,89.2821471976448,205,203,205,4356,21.04390243902439,1,99.02439024390245,118.54197700471717,98.59154929577466
PK,pm25,µg/m³,2025-11-08,15.0,136.1110729229439,142,139,142,3134,21.746478873239436,1,97.88732394366197,136.66140941435796,98.58156028368793
PK,pm25,µg/m³,2025-11-05,15.0,102.8013801179859,146,145,146,3009,20.28082191780821,1,99.31506849315068,161.69110314189328,99.29789368104312
PK,pm25,µg/m³,2025-09-22,15.0,47.537495046260354,144,140,144,3033,20.756944444444436,1,97.22222222222221,46.34008612434534,96.82203389830508
PK,pm25,µg/m³,2026-06-25,15.0,28.080727552536505,171,149,171,3813,22.175438596491226,0,87.13450292397661,31.672387378936836,89.48635634028892
PK,pm25,µg/m³,2026-05-27,15.0,30.81943628933851,172,145,172,3759,21.697674418604656,0,84.30232558139535,30.10861186791933,83.42412451361868
PK,pm25,µg/m³,2026-03-10,15.0,84.59266786849795,246,242,246,5122,20.6219512195122,0,98.3739837398374,93.83456745472571,98.3529411764706
PK,pm25,µg/m³,2026-02-18,15.0,125.52214577527464,218,214,218,4357,19.830275229357802,0,98.1651376146789,112.50413259219617,98.1081081081081
PK,pm25,µg/m³,2025-06-29,15.0,45.88496769590328,122,114,122,2596,21.24590163934426,1,93.44262295081968,51.254940071665374,98.69976359338062
PK,pm25,µg/m³,2025-07-21,15.0,35.95420232573797,129,127,129,2679,20.44186046511628,1,98.44961240310077,41.94360455986799,95.93967517401391
PK,pm25,µg/m³,2025-08-11,15.0,38.392091819773654,137,126,137,2800,20.10218978102189,1,91.97080291970804,33.947762317000944,91.30434782608695
PK,pm25,µg/m³,2025-08-23,15.0,41.07961862141079,124,118,124,2713,21.500000000000007,1,95.16129032258065,41.09908207805874,95.21158129175946
PK,pm25,µg/m³,2025-11-09,15.0,147.6613519073093,132,130,132,2995,22.333333333333346,1,98.48484848484848,132.92214816063685,98.38546922300706
PK,pm25,µg/m³,2025-11-17,15.0,192.42938676418729,153,152,153,3065,19.738562091503255,1,99.34640522875817,191.54615028548784,99.04214559386973
PK,pm25,µg/m³,2026-01-12,15.0,199.98876432310905,230,229,230,4667,20.06521739130434,1,99.56521739130434,154.39655913424363,99.25512104283054
PK,pm25,µg/m³,2026-05-08,15.0,66.65830203906413,209,208,209,4338,20.650717703349276,0,99.52153110047847,44.35280442097688,92.21038615179761
PK,pm25,µg/m³,2025-09-20,15.0,51.81368210101303,133,130,133,2930,21.654135338345878,1,97.74436090225564,43.89143587390831,96.35974304068522
PK,pm25,µg/m³,2025-08-29,15.0,44.21481051427824,127,126,127,2660,20.598425196850396,1,99.21259842519686,35.66282983981118,86.92660550458714
PK,pm25,µg/m³,2025-08-06,15.0,29.345767305178793,133,125,133,2836,20.932330827067673,1,93.98496240601504,31.796732472451705,91.06078665077473
PK,pm25,µg/m³,2025-07-28,15.0,47.60650282650227,110,106,110,2300,20.536363636363642,1,96.36363636363636,41.792981746134664,93.7733499377335
PK,pm25,µg/m³,2025-07-19,15.0,48.57905675929623,119,117,119,2589,21.394957983193276,1,98.31932773109243,44.11518178049777,96.03729603729604
PK,pm25,µg/m³,2025-06-19,15.0,52.69569950648188,86,78,86,1723,19.8953488372093,1,90.69767441860465,46.269664017184375,95.58498896247241
PK,pm25,µg/m³,2026-08-05,15.0,43.08839526029952,183,179,183,3891,21.092896174863384,0,97.81420765027322,41.51596258286627,97.03525641025641
PK,pm25,µg/m³,2026-07-24,15.0,36.52027432087328,179,158,179,3774,20.90502793296088,0,88.26815642458101,34.98262805437772,87.84749801429706
PK,pm25,µg/m³,2026-06-15,15.0,37.921360510827974,186,174,186,3925,20.96774193548388,0,93.54838709677419,34.301408050942456,90.06982156710627
PK,pm25,µg/m³,2026-06-11,15.0,32.12863872167321,185,170,185,3765,20.264864864864865,0,91.8918918918919,38.231200004799504,91.93037974683544
PK,pm25,µg/m³,2026-04-14,15.0,57.103718164334396,221,212,221,4357,19.61990950226244,0,95.92760180995475,41.92660961971051,89.28336620644313
PK,pm25,µg/m³,2026-01-24,15.0,75.63577160873393,219,214,219,4197,18.9634703196347,1,97.71689497716895,140.68117603055302,97.93491864831039
PK,pm25,µg/m³,2026-01-10,15.0,151.1235438766055,221,220,221,4664,20.900452488687797,1,99.5475113122172,135.35139515930445,98.94278606965175
PK,pm25,µg/m³,2025-11-25,15.0,169.80188057767162,290,287,290,5566,19.051724137931025,1,98.9655172413793,181.9764697450868,99.5850622406639
PK,pm25,µg/m³,2025-07-12,15.0,45.51910353944644,125,122,125,2670,20.928,1,97.6,36.4274950849919,94.18472063854047
PK,pm25,µg/m³,2025-06-07,15.0,44.84895431798773,39,39,39,911,23.051282051282048,1,100.0,37.924235050288054,99.60474308300395
PK,pm25,µg/m³,2025-07-01,15.0,36.70688885785628,131,129,131,2696,20.381679389312986,1,98.47328244274809,48.37903973829847,97.72727272727273
PK,pm25,µg/m³,2025-09-01,15.0,24.411528582137816,131,82,131,2772,20.78625954198474,1,62.59541984732825,35.38362786700123,87.77142857142857
PK,pm25,µg/m³,2026-01-13,15.0,207.8032271561515,230,229,230,4776,20.508695652173916,1,99.56521739130434,164.05361164873142,99.44237918215613
PK,pm25,µg/m³,2026-01-22,15.0,95.05963327970184,223,213,223,4288,19.071748878923778,1,95.51569506726457,178.01775205893475,99.00373599003736
PK,pm25,µg/m³,2026-04-10,15.0,33.1310889802069,216,197,216,4638,21.33333333333334,0,91.20370370370371,34.77691273208835,84.55019556714471
PK,pm25,µg/m³,2026-04-15,15.0,55.29862000399599,225,209,225,4394,19.426666666666666,0,92.88888888888889,45.23952859958959,91.32720105124835
PK,pm25,µg/m³,2025-07-09,15.0,30.121129731498556,131,121,131,2738,20.633587786259554,1,92.36641221374046,39.09115798141715,94.67592592592592
PK,pm25,µg/m³,2026-08-20,15.0,29.843217503357078,196,181,196,3840,19.454081632653057,0,92.3469387755102,32.61180389019694,92.60670731707317
PK,pm25,µg/m³,2026-06-19,15.0,32.12150846538785,179,152,179,3759,20.927374301675968,0,84.91620111731844,34.171773194928,90.90189873417721
PK,pm25,µg/m³,2026-02-28,15.0,94.72579951261073,244,240,244,5042,20.495901639344247,0,98.36065573770492,102.26902162782307,98.79299939649971
PK,pm25,µg/m³,2026-02-19,15.0,126.32093598778786,218,215,218,4417,20.11926605504587,0,98.62385321100918,116.83588956851854,98.11066126855602
PK,pm25,µg/m³,2026-02-03,15.0,132.34027449205684,222,219,222,4430,19.74324324324325,1,98.64864864864865,119.36756672523344,98.9562948467058
PK,pm25,µg/m³,2025-12-29,15.0,210.07225344096767,239,237,239,4668,19.410041841004187,1,99.16317991631799,159.3914898534329,98.6642380085003
PK,pm25,µg/m³,2025-12-05,15.0,174.2116596326406,302,300,302,5674,18.609271523178798,0,99.33774834437085,174.3419784300417,99.4410569105691
PK,pm25,µg/m³,2025-08-07,15.0,30.762192980061617,135,126,135,2867,20.84444444444444,1,93.33333333333333,31.48198035060363,90.54842473745624
PK,pm25,µg/m³,2025-08-02,15.0,34.74357613134503,115,107,115,2445,20.84347826086956,1,93.04347826086956,38.32130788885248,95.34005037783375
PK,pm25,µg/m³,2025-07-08,15.0,36.337018255902464,128,117,128,2628,20.343749999999996,1,91.40625,40.78910525726558,95.27649769585254
PK,pm25,µg/m³,2025-06-10,15.0,39.849426842789164,46,46,46,1006,21.34782608695652,1,100.0,42.16360323687971,100.0
PK,pm25,µg/m³,2026-05-24,15.0,32.58465231649206,180,157,180,3830,21.15000000000001,0,87.22222222222223,34.38482277933754,87.23088344469191
PK,pm25,µg/m³,2026-05-13,15.0,51.69071355757464,202,191,202,4101,20.24752475247525,0,94.55445544554455,60.28421045413124,96.63072776280323
PK,pm25,µg/m³,2026-02-06,15.0,108.72566330237647,207,206,207,4303,20.584541062801932,1,99.51690821256038,123.89173475964573,98.6046511627907
PK,pm25,µg/m³,2026-02-01,15.0,144.78266607576694,201,200,201,4105,20.2039800995025,1,99.50248756218906,109.23806583311023,98.11810512654121
PK,pm25,µg/m³,2025-07-26,15.0,44.74727227708759,112,110,112,2433,21.312500000000004,1,98.21428571428571,38.61410476916153,92.95942720763723
PK,pm25,µg/m³,2025-11-23,15.0,189.27619448592688,260,259,260,4835,18.4923076923077,1,99.61538461538461,187.20007184136776,99.43374858437146
PK,pm25,µg/m³,2025-12-18,15.0,209.7028360729258,246,246,246,5039,20.357723577235777,1,100.0,209.441457324359,99.65675057208237
PK,pm25,µg/m³,2026-03-25,15.0,43.221133303085054,247,228,247,5036,20.246963562753034,0,92.3076923076923,43.64526523191448,91.33165829145729
PK,pm25,µg/m³,2026-04-17,15.0,29.11447629819635,218,191,218,4618,21.091743119266056,0,87.61467889908256,44.85882252860442,91.60655737704919
PK,pm25,µg/m³,2026-05-20,15.0,37.35009856065936,195,183,195,4070,20.67692307692307,0,93.84615384615384,38.3140075464526,90.90257879656161
PK,pm25,µg/m³,2025-08-16,15.0,49.74773932890055,124,121,124,2716,21.604838709677416,1,97.58064516129032,41.104801017064354,95.54347826086956
PK,pm25,µg/m³,2026-06-12,15.0,24.573523742162767,183,143,183,3531,19.213114754098363,0,78.14207650273224,36.52918812743949,90.0
PK,pm25,µg/m³,2026-06-03,15.0,34.44799122068727,184,173,184,3505,18.961956521739133,0,94.02173913043478,33.55285510375752,92.90836653386454
PK,pm25,µg/m³,2026-03-15,15.0,33.16258083228456,229,199,229,4599,19.925764192139738,0,86.8995633187773,66.01637410875261,93.72409709887506
PK,pm25,µg/m³,2026-02-08,15.0,102.72930423139665,199,194,199,4259,21.291457286432173,1,97.48743718592965,112.53435388409284,98.32102081934184
PK,pm25,µg/m³,2025-11-29,15.0,162.09050720683058,270,268,270,5382,19.766666666666687,0,99.25925925925925,171.12244464398324,99.43093636833937
PK,pm25,µg/m³,2025-10-15,15.0,102.75624549823571,145,144,145,3099,21.027586206896554,1,99.3103448275862,78.53392553673946,98.85892116182573
PK,pm25,µg/m³,2025-07-14,15.0,44.595583076498855,126,121,126,2617,20.444444444444446,1,96.03174603174604,40.071488129569076,94.79638009049773
PK,pm25,µg/m³,2025-06-23,15.0,48.2385831250882,112,110,112,2089,18.330357142857146,1,98.21428571428571,47.06619534484621,95.9481361426256
PK,pm25,µg/m³,2025-07-03,15.0,43.4952425742724,129,126,129,2649,20.387596899224803,1,97.67441860465115,47.55099884973769,96.88195991091314
PK,pm25,µg/m³,2025-08-24,15.0,23.910632197170578,117,82,117,2577,21.63247863247864,1,70.08547008547008,39.17157023893795,91.73184357541899
PK,pm25,µg/m³,2025-10-04,15.0,65.56916643693147,137,135,137,2689,19.25547445255475,1,98.54014598540147,72.5216984794465,98.89224572004028
PK,pm25,µg/m³,2025-10-18,15.0,118.08956157968865,144,144,144,3127,21.45138888888889,1,100.0,97.93295995835031,99.49031600407747
PK,pm25,µg/m³,2025-12-04,15.0,176.46942695337216,288,286,288,5663,19.527777777777764,0,99.30555555555556,171.70261030691543,99.48506694129763
PK,pm25,µg/m³,2025-12-06,15.0,170.53115391639216,287,286,287,5528,19.15331010452962,0,99.65156794425087,175.54778510283623,99.49622166246851
PK,pm25,µg/m³,2025-09-30,15.0,83.94869438207971,146,145,146,2890,19.520547945205475,1,99.31506849315068,66.89815991853905,98.2982982982983
PK,pm25,µg/m³,2026-05-25,15.0,28.516024130130663,191,154,191,3946,20.534031413612574,0,80.6282722513089,32.37477348837069,85.83208395802099
PK,pm25,µg/m³,2026-07-25,15.0,33.9736096171994,168,156,168,3464,20.517857142857153,0,92.85714285714286,34.24699444725622,87.92
PK,pm25,µg/m³,2025-06-21,15.0,43.401781347289955,92,90,92,1959,20.739130434782602,1,97.82608695652173,47.46950025066592,95.87242026266416
PK,pm25,µg/m³,2026-08-01,15.0,37.113321334152424,173,166,173,3685,21.12716763005779,0,95.95375722543352,45.02327621137205,97.14765100671141
PK,pm25,µg/m³,2026-07-26,15.0,52.38561350767619,151,145,151,3203,21.125827814569536,0,96.02649006622516,36.679866399745876,88.05237315875614
PK,pm25,µg/m³,2026-07-05,15.0,53.12338099632572,162,155,162,3617,22.327160493827165,0,95.67901234567901,41.051987043156004,93.63057324840764
PK,pm25,µg/m³,2026-06-02,15.0,34.4039140555901,194,185,194,3966,20.309278350515473,0,95.36082474226805,33.03449011356484,91.55269509251809
PK,pm25,µg/m³,2026-03-27,15.0,36.7078747907728,243,218,243,4844,19.786008230452673,0,89.7119341563786,42.10116257759716,91.43561306223043
PK,pm25,µg/m³,2026-03-19,15.0,41.01505904124518,232,213,232,4835,20.668103448275858,0,91.8103448275862,45.251992047250965,90.9692956050572
PK,pm25,µg/m³,2026-03-04,15.0,93.31049439457907,252,251,252,5261,20.70634920634921,0,99.60317460317461,89.80803109055374,98.79656160458453
PK,pm25,µg/m³,2026-01-16,15.0,189.7784741039286,226,225,226,4616,20.190265486725657,1,99.5575221238938,186.9242127439536,99.5600251414205
PK,pm25,µg/m³,2026-01-07,15.0,142.1861393040847,242,241,242,4777,19.582644628099175,1,99.58677685950413,132.57205761958804,98.721071863581
PK,pm25,µg/m³,2025-12-20,15.0,203.42069116891682,237,236,237,4916,20.594936708860764,1,99.57805907172997,206.47554106889098,99.65497412305922
PK,pm25,µg/m³,2025-11-10,15.0,165.8127472931706,148,145,148,3151,20.979729729729723,1,97.97297297297297,134.04001419764373,98.39195979899498
PK,pm25,µg/m³,2025-10-17,15.0,108.00029959393879,143,143,143,3137,21.601398601398618,1,100.0,91.13441373885425,99.28057553956835
PK,pm25,µg/m³,2025-07-24,15.0,37.33901938891711,118,112,118,2529,20.983050847457616,0,94.91525423728814,40.859510509371496,93.21637426900585
PK,pm25,µg/m³,2025-09-29,15.0,84.92474009361536,145,144,145,3012,20.427586206896535,1,99.3103448275862,62.25643157372291,97.99398194583752
PK,pm25,µg/m³,2025-10-24,15.0,135.57944234270528,146,145,146,3113,21.287671232876704,1,99.31506849315068,125.90454968084688,99.90138067061145
PK,pm25,µg/m³,2025-10-25,15.0,144.21902724657815,142,142,142,2843,19.93661971830985,1,100.0,129.63733049040255,99.90118577075098
PK,pm25,µg/m³,2025-12-07,15.0,183.87858000387786,272,271,272,5496,20.051470588235293,0,99.63235294117648,178.97099443350302,99.50124688279301
PK,pm25,µg/m³,2025-12-16,15.0,186.34263534030782,240,239,240,5054,20.916666666666657,1,99.58333333333333,210.77375003082625,99.61368653421634
PK,pm25,µg/m³,2025-12-19,15.0,218.3027639527307,262,261,262,5019,19.02290076335877,1,99.61832061068702,209.86238558215976,99.65457685664938
PK,pm25,µg/m³,2026-04-25,15.0,32.67260481618017,213,184,213,4490,20.89201877934271,0,86.3849765258216,42.62218909084412,91.00977198697069
PK,pm25,µg/m³,2026-05-29,15.0,30.789729891061615,168,152,168,3474,20.505952380952387,0,90.47619047619048,32.05363211956701,86.17623282134196
PK,pm25,µg/m³,2026-08-15,15.0,37.398639749747275,181,176,181,3927,21.43646408839779,0,97.23756906077348,46.52670891015537,96.80365296803653
PK,pm25,µg/m³,2026-08-06,15.0,31.569741310072725,196,190,196,4000,20.29591836734694,0,96.93877551020408,39.55407955250593,96.91455696202532
PK,pm25,µg/m³,2026-06-07,15.0,35.384198424044136,163,147,163,3549,21.588957055214724,0,90.1840490797546,35.029907042345805,92.15686274509804
PK,pm25,µg/m³,2026-04-23,15.0,49.49503748137516,225,212,225,4560,20.195555555555547,0,94.22222222222221,40.34510264198003,90.02607561929595
PK,pm25,µg/m³,2026-02-21,15.0,105.47728487149723,207,205,207,4247,20.323671497584538,0,99.03381642512076,116.87516148689883,98.44173441734418
PK,pm25,µg/m³,2026-01-06,15.0,140.20385955473705,227,223,227,4583,20.022026431718068,1,98.23788546255507,136.46002341814452,98.28955406230911
PK,pm25,µg/m³,2025-11-22,15.0,188.66084349319152,267,266,267,5423,20.21722846441948,1,99.625468164794,188.06665223694296,99.39577039274926
PK,pm25,µg/m³,2025-10-21,15.0,120.23282729261577,149,149,149,3221,21.355704697986567,1,100.0,115.93833620775776,99.9
PK,pm25,µg/m³,2025-09-02,15.0,28.322782218460254,131,93,131,2758,20.732824427480917,1,70.99236641221374,35.39707540733259,86.67425968109339
PK,pm25,µg/m³,2025-07-30,15.0,31.740923813567218,116,110,116,2449,20.749999999999993,1,94.82758620689656,41.589789060005806,96.69211195928753
PK,pm25,µg/m³,2025-07-22,15.0,34.22657405125013,125,110,125,2612,20.511999999999986,1,88.0,41.60832456795962,94.64493597206054
PK,pm25,µg/m³,2026-08-08,15.0,30.339162417200452,183,171,183,3890,21.125683060109292,0,93.44262295081968,38.42964657370791,96.18677042801556
PK,pm25,µg/m³,2026-06-08,15.0,49.84209793723725,173,161,173,3266,18.710982658959537,0,93.0635838150289,37.00484285110714,91.63346613545816
PK,pm25,µg/m³,2026-03-28,15.0,40.37104205268092,222,198,222,4597,20.572072072072075,0,89.1891891891892,41.798913850654976,90.71911493546403
PK,pm25,µg/m³,2026-01-17,15.0,194.35705525238478,226,225,226,4583,20.06194690265486,1,99.5575221238938,193.1004286547792,99.56140350877193
PK,pm25,µg/m³,2026-01-03,15.0,126.10300301735818,233,231,233,4585,19.493562231759654,1,99.14163090128756,168.20928110749827,98.55159927579965
PK,pm25,µg/m³,2025-12-13,15.0,227.1286027617983,235,234,235,4907,20.706382978723397,0,99.57446808510639,193.7447997489957,99.44048830111902
PK,pm25,µg/m³,2025-07-23,15.0,34.91092606323697,121,103,121,2589,20.950413223140497,0,85.12396694214877,41.46673575823755,93.6046511627907
PK,pm25,µg/m³,2025-06-14,15.0,43.73965985724421,52,52,52,1075,20.288461538461547,1,100.0,41.941706375789465,99.70149253731343
PK,pm25,µg/m³,2025-07-31,15.0,32.96545783299814,117,114,117,2495,20.88034188034187,1,97.43589743589743,40.96499455201739,97.07006369426752
PK,pm25,µg/m³,2025-08-27,15.0,38.160781696932034,124,115,124,2561,20.33870967741936,1,92.74193548387096,35.724155842625976,85.73046432616081
PK,pm25,µg/m³,2025-09-08,15.0,42.051117224901816,129,124,129,2065,15.821705426356592,1,96.12403100775194,35.713099373680215,90.07891770011274
PK,pm25,µg/m³,2025-10-05,15.0,39.30309920012053,124,123,124,2607,20.693548387096783,1,99.19354838709677,67.22345699899236,98.98270600203459
PK,pm25,µg/m³,2026-01-15,15.0,189.5032492884997,225,225,225,4670,20.555555555555546,1,100.0,178.63596793058056,99.49874686716792
PK,pm25,µg/m³,2026-05-28,15.0,36.012558462930585,165,145,165,3744,22.599999999999998,0,87.87878787878788,32.05811466852019,85.85055643879174
PK,pm25,µg/m³,2025-06-26,15.0,48.45853773665469,127,127,127,2445,19.023622047244096,1,100.0,46.311415464151565,99.06542056074767
PK,pm25,µg/m³,2026-07-21,15.0,30.18956216154678,184,148,184,3628,19.614130434782606,0,80.43478260869566,37.31306518414031,92.3076923076923
PK,pm25,µg/m³,2026-07-12,15.0,31.789252922695272,160,142,160,3460,21.375000000000004,0,88.75,38.64725629795006,94.86356340288926
PK,pm25,µg/m³,2026-05-16,15.0,35.300374957321885,219,192,219,3979,18.068493150684947,0,87.67123287671232,46.94546302628833,92.46058944482523
PK,pm25,µg/m³,2026-04-22,15.0,51.58255233614266,230,213,230,4789,20.708695652173922,0,92.6086956521739,39.17647210344753,89.62140992167102
PK,pm25,µg/m³,2026-03-08,15.0,106.21460142916729,225,219,225,4845,21.315555555555555,0,97.33333333333334,91.86637251431284,98.38056680161942
PK,pm25,µg/m³,2025-12-12,15.0,215.3562661481253,273,272,273,5193,18.886446886446873,0,99.63369963369964,185.65944991393766,99.45490584737364
PK,pm25,µg/m³,2025-08-31,15.0,30.459683873720657,117,105,117,2552,21.435897435897434,1,89.74358974358975,35.609914533094056,89.55223880597015
PK,pm25,µg/m³,2025-08-12,15.0,38.08923379652901,138,127,138,2806,19.95652173913044,1,92.02898550724638,35.49531286728307,92.39013933547695
PK,pm25,µg/m³,2025-06-24,15.0,47.45647251426419,119,119,119,2171,17.882352941176467,1,100.0,47.786660328912646,96.996996996997
PK,pm25,µg/m³,2026-08-13,15.0,57.72923683270684,194,190,194,3988,20.42268041237114,0,97.9381443298969,44.851022238836826,96.23493975903614
PK,pm25,µg/m³,2026-07-03,15.0,40.713982279127634,184,176,184,3882,20.934782608695652,0,95.65217391304348,37.78906487476724,93.28
PK,pm25,µg/m³,2026-06-26,15.0,33.36248204723245,163,147,163,3691,22.515337423312886,0,90.1840490797546,31.84966931920035,90.2439024390244
PK,pm25,µg/m³,2026-04-20,15.0,41.796214534404896,222,201,222,4574,20.554054054054056,0,90.54054054054053,41.05301609067876,90.31620553359684
PK,pm25,µg/m³,2026-04-18,15.0,24.58507801115448,211,174,211,4366,20.549763033175353,0,82.46445497630332,43.74354739908649,90.71757735352205
PK,pm25,µg/m³,2026-03-29,15.0,30.903996605468596,213,177,213,4478,20.845070422535215,0,83.09859154929578,39.26299969855572,89.48339483394834
PK,pm25,µg/m³,2026-03-14,15.0,57.9103580286889,236,220,236,4973,20.85593220338982,0,93.22033898305084,76.45237705116443,95.13353115727003
PK,pm25,µg/m³,2026-03-01,15.0,86.4823514148705,241,237,241,5119,21.04979253112034,0,98.3402489626556,98.93747096496058,98.82491186839013
PK,pm25,µg/m³,2026-02-27,15.0,93.07372177281476,248,245,248,5277,21.10887096774194,0,98.79032258064517,103.80494810766399,98.88888888888889
PK,pm25,µg/m³,2026-01-25,15.0,93.73620549925164,205,203,205,3898,18.790243902439023,1,99.02439024390245,124.1496106189389,97.77211966900063
PK,pm25,µg/m³,2025-07-15,15.0,36.57353399460876,128,124,128,2553,19.585937499999986,1,96.875,40.105276092241404,95.58823529411765
PK,pm25,µg/m³,2025-09-11,15.0,40.83960116091894,129,119,129,2739,20.852713178294586,1,92.24806201550388,40.26493171769691,95.11363636363637
PK,pm25,µg/m³,2025-09-13,15.0,45.51552081127068,130,121,130,2824,21.338461538461534,1,93.07692307692308,41.164846347060205,93.70786516853933
PK,pm25,µg/m³,2026-01-04,15.0,125.17923697986272,217,214,217,4417,20.179723502304157,1,98.61751152073732,156.82308144437562,98.5419198055893
PK,pm25,µg/m³,2026-01-26,15.0,121.04395518690617,223,220,223,4066,18.06726457399103,1,98.65470852017937,111.59195557417159,97.61136216914139
PK,pm25,µg/m³,2026-01-27,15.0,71.9387964666013,229,215,229,4284,18.572052401746728,1,93.88646288209607,94.78281458190698,96.77002583979328
PK,pm25,µg/m³,2026-05-12,15.0,43.22803969218244,224,207,224,4344,19.19196428571429,0,92.41071428571429,60.10812937073936,96.6688874083944
PK,pm25,µg/m³,2026-07-01,15.0,40.01977931867871,182,169,182,3635,19.7032967032967,0,92.85714285714286,36.41051137304663,92.09876543209876
PK,pm25,µg/m³,2026-07-17,15.0,39.34180613578708,169,162,169,3600,21.165680473372785,0,95.85798816568047,37.32136138926912,93.46026490066225
PK,pm25,µg/m³,2025-12-30,15.0,190.84661254831929,237,235,237,4392,18.312236286919845,1,99.15611814345992,173.29860414953902,98.70689655172413
PK,pm25,µg/m³,2025-12-08,15.0,155.65848394072347,300,298,300,5601,18.54666666666668,0,99.33333333333333,176.3281036578136,99.5085995085995
PK,pm25,µg/m³,2025-11-12,15.0,197.11917639605022,148,147,148,2408,16.027027027027028,1,99.32432432432432,152.7820221478867,98.49699398797596
PK,pm25,µg/m³,2025-09-21,15.0,53.68732800948463,123,120,123,2836,22.65853658536585,1,97.5609756097561,45.47222554806456,96.79144385026738
PK,pm25,µg/m³,2025-09-19,15.0,44.24627657463081,136,131,136,2913,21.0514705882353,1,96.32352941176471,42.991698546802255,95.70354457572503
PK,pm25,µg/m³,2025-08-19,15.0,43.937312586844605,130,126,130,2484,18.799999999999997,1,96.92307692307692,41.379845034602056,97.2345132743363
PK,pm25,µg/m³,2026-06-10,15.0,37.38282371970638,199,182,199,3952,19.638190954773858,0,91.4572864321608,38.42394609061644,91.13222486144102
PK,pm25,µg/m³,2026-05-07,15.0,53.79972926153833,218,214,218,4525,20.678899082568794,0,98.1651376146789,40.68931035162626,91.21756487025948
PK,pm25,µg/m³,2026-05-02,15.0,38.841610117036765,216,195,216,4631,21.324074074074073,0,90.27777777777779,35.926294977827276,88.16489361702128
PK,pm25,µg/m³,2026-01-19,15.0,208.94754050027728,245,244,245,4475,18.057142857142864,1,99.59183673469387,199.06267420127324,99.62802231866088
PK,pm25,µg/m³,2025-11-16,15.0,195.34225725495313,149,148,149,3145,20.785234899328863,1,99.32885906040269,187.74377321819975,98.84504331087585
PK,pm25,µg/m³,2026-08-16,15.0,30.547367379866678,176,164,176,3879,21.835227272727273,0,93.18181818181817,44.347145959610195,96.50190114068441
PK,pm25,µg/m³,2026-06-17,15.0,34.194379677341516,182,167,182,3754,20.576923076923077,0,91.75824175824175,33.176331489384154,90.06309148264984
PK,pm25,µg/m³,2026-03-16,15.0,33.79285192922087,238,207,238,5010,20.848739495798327,0,86.97478991596638,57.583208023413775,92.06161137440758
PK,pm25,µg/m³,2026-02-17,15.0,121.65278349028901,213,208,213,4347,20.215962441314556,0,97.65258215962442,105.64000937264967,98.04186360567184
PK,pm25,µg/m³,2025-10-06,15.0,29.505948344251355,127,109,127,2791,21.677165354330715,1,85.8267716535433,59.30648674908322,97.20207253886011
PK,pm25,µg/m³,2025-11-06,15.0,113.4468716721456,139,136,139,3085,21.841726618705035,1,97.84172661870504,151.00899501686987,98.99193548387096
PK,pm25,µg/m³,2026-01-11,15.0,176.6802207322605,230,229,230,4499,19.343478260869578,1,99.56521739130434,142.70867855250413,99.07464528069093
PK,pm25,µg/m³,2026-04-06,15.0,37.5725968811586,223,193,223,4551,20.300448430493272,0,86.54708520179372,35.89886924376203,87.60278304870334
PK,pm25,µg/m³,2026-04-24,15.0,36.96655463521928,217,197,217,4375,20.082949308755772,0,90.78341013824884,41.46682811869759,90.47619047619048
PK,pm25,µg/m³,2026-04-26,15.0,35.40484101743326,199,176,199,4162,20.768844221105535,0,88.44221105527639,42.22882610604637,90.69010416666666
PK,pm25,µg/m³,2026-05-04,15.0,30.220326422690523,216,189,216,4363,20.134259259259267,0,87.5,33.09938068644955,87.09248170326015
PK,pm25,µg/m³,2026-06-09,15.0,41.40280423313606,187,177,187,3763,19.9572192513369,0,94.6524064171123,38.00468430504228,91.50641025641025
PK,pm25,µg/m³,2026-07-10,15.0,32.48465078803216,176,167,176,3750,21.136363636363622,0,94.88636363636364,43.122772493436294,96.07371794871796
PK,pm25,µg/m³,2025-09-24,15.0,52.78098055976138,142,136,142,3094,21.41549295774647,1,95.77464788732394,49.17633859308723,96.7741935483871
PK,pm25,µg/m³,2025-09-07,15.0,32.24589426197101,116,110,116,2540,21.517241379310356,1,94.82758620689656,33.19315813899964,85.15185601799774
PK,pm25,µg/m³,2025-08-20,15.0,33.7107099871165,130,122,130,2753,20.761538461538457,1,93.84615384615384,40.59894742261527,96.76339285714286
PK,pm25,µg/m³,2025-07-06,15.0,29.70512868860758,110,100,110,2423,21.77272727272728,1,90.9090909090909,41.09479572777901,96.35535307517085
PK,pm25,µg/m³,2026-08-10,15.0,50.15270945423524,190,184,190,3971,20.773684210526312,0,96.84210526315789,40.08477154208684,96.08895705521472
PK,pm25,µg/m³,2026-06-13,15.0,28.114799511714413,182,159,182,3454,18.862637362637372,0,87.36263736263736,35.546983755667746,89.54402515723271
PK,pm25,µg/m³,2026-04-09,15.0,39.96295352653332,222,191,222,4586,20.567567567567576,0,86.03603603603604,34.577680470108135,83.51719662556782
PK,pm25,µg/m³,2026-04-03,15.0,31.73646314634542,223,187,223,4598,20.484304932735427,0,83.85650224215246,35.027503629887505,87.7115987460815
PK,pm25,µg/m³,2025-11-24,15.0,181.61474257604672,286,286,286,5133,17.800699300699304,1,100.0,185.6551226716334,99.52606635071089
PK,pm25,µg/m³,2025-11-11,15.0,185.54418262041278,145,144,145,3217,21.862068965517253,1,99.3103448275862,139.30805125102034,98.49397590361446
PK,pm25,µg/m³,2025-09-28,15.0,76.39078956329949,134,132,134,2632,19.291044776119403,1,98.50746268656717,56.91539656695791,97.69076305220884
PK,pm25,µg/m³,2025-07-25,15.0,41.97600039111188,114,111,114,2460,21.14035087719297,1,97.36842105263158,39.16150255233419,93.01775147928994
PK,pm25,µg/m³,2025-06-03,15.0,28.64847115301929,38,37,38,608,15.263157894736842,0,97.36842105263158,28.63291223911239,98.82352941176471
PK,pm25,µg/m³,2025-06-16,15.0,54.245389233155436,62,61,62,1221,19.35483870967742,1,98.38709677419355,44.49809013347438,99.45504087193461
PK,pm25,µg/m³,2025-06-30,15.0,38.8568644479278,134,125,134,2780,20.50746268656718,1,93.28358208955224,49.91469454635674,97.92626728110599
PK,pm25,µg/m³,2025-07-02,15.0,42.0067606624376,135,130,135,2744,20.16296296296297,1,96.29629629629629,48.260041015792304,97.20982142857143
PK,pm25,µg/m³,2025-08-25,15.0,25.99553524478755,127,94,127,2615,20.354330708661408,1,74.01574803149606,37.332526048467166,88.66442199775533
PK,pm25,µg/m³,2025-09-04,15.0,35.02714305780053,129,121,129,2722,20.767441860465112,1,93.7984496124031,32.76656542260953,84.04494382022472
PK,pm25,µg/m³,2025-09-09,15.0,48.60265322132929,130,118,130,2654,20.161538461538456,1,90.76923076923077,38.61022380266151,93.00225733634312
PK,pm25,µg/m³,2025-09-15,15.0,41.46247101229489,135,131,135,2826,20.651851851851852,1,97.03703703703704,42.56302632074777,93.79157427937915
PK,pm25,µg/m³,2025-11-15,15.0,180.6139787631014,151,150,151,3309,21.596026490066222,1,99.33774834437085,180.9322153113935,98.72798434442271
PK,pm25,µg/m³,2025-12-17,15.0,185.70265283815624,267,266,267,4918,18.29213483146068,1,99.625468164794,210.1150935086526,99.609375
PK,pm25,µg/m³,2026-01-20,15.0,189.6027834124536,230,229,230,4314,18.582608695652173,1,99.56521739130434,196.4626108093164,99.62802231866088
PK,pm25,µg/m³,2026-02-12,15.0,95.99863715353125,216,213,216,4193,19.194444444444464,1,98.61111111111111,96.03881069481999,98.43962008141112
PK,pm25,µg/m³,2026-02-25,15.0,103.09504025375932,238,237,238,4926,20.516806722689083,0,99.57983193277312,111.58518337925068,98.90534449452673
PK,pm25,µg/m³,2026-04-13,15.0,54.3522984975987,216,202,216,4357,20.12037037037037,0,93.51851851851852,37.89360777432593,87.34344100197758
PK,pm25,µg/m³,2026-05-19,15.0,42.37952525498071,198,184,198,3956,19.84848484848486,0,92.92929292929293,40.362666831726216,91.0192444761226
PK,pm25,µg/m³,2026-08-27,15.0,38.65212103210291,208,198,208,4042,19.26442307692308,0,95.1923076923077,38.05773461365335,96.12068965517241
PK,pm25,µg/m³,2026-08-21,15.0,33.14445228269115,199,189,199,4066,20.291457286432163,0,94.9748743718593,31.967001349559652,92.63157894736842
PK,pm25,µg/m³,2026-05-14,15.0,36.73535358648754,198,181,198,4096,20.535353535353522,0,91.41414141414141,57.846442500552556,95.69672131147541
PK,pm25,µg/m³,2026-08-11,15.0,48.25343600513277,199,194,199,4065,20.30653266331659,0,97.48743718592965,40.31364188301326,96.13343442001516
PK,pm25,µg/m³,2026-03-20,15.0,38.3391325013813,219,187,219,4733,21.420091324200918,0,85.38812785388129,42.48034633871414,90.23199023199024
PK,pm25,µg/m³,2026-03-13,15.0,57.740652461139035,242,220,242,5093,20.8595041322314,0,90.9090909090909,81.52325141700405,95.90747330960853
PK,pm25,µg/m³,2026-02-22,15.0,109.80320605490789,196,192,196,4164,21.147959183673475,0,97.95918367346938,116.78046899016178,98.4427894380501
PK,pm25,µg/m³,2026-02-16,15.0,110.04896133844164,216,212,216,4151,19.064814814814802,1,98.14814814814815,100.84034654762738,98.1719702098849
PK,pm25,µg/m³,2026-01-28,15.0,94.4667932548064,218,214,218,4284,19.46788990825687,1,98.1651376146789,85.57498297784407,96.62775616083009
PK,pm25,µg/m³,2025-12-24,15.0,114.32810381009485,242,238,242,4901,20.115702479338847,1,98.34710743801654,170.74999853494575,98.96966227819118
PK,pm25,µg/m³,2025-06-20,15.0,51.226925787125374,96,95,96,1881,19.22916666666667,1,98.95833333333334,47.517768609230814,95.94320486815415
PK,pm25,µg/m³,2025-06-06,15.0,53.06766159469691,40,40,40,928,22.600000000000005,1,100.0,36.77011517233811,99.53271028037383
PK,pm25,µg/m³,2026-07-02,15.0,30.379101832685567,185,167,185,3403,18.27567567567567,0,90.27027027027027,36.73885055592507,92.51423921887714
PK,pm25,µg/m³,2026-05-18,15.0,42.5863691668986,204,184,204,3841,18.745098039215677,0,90.19607843137256,40.48388317989789,90.97270818754374
PK,pm25,µg/m³,2026-05-17,15.0,36.05136135768939,186,171,186,4030,21.57526881720431,0,91.93548387096774,40.31514660805179,91.53365718251214
PK,pm25,µg/m³,2025-06-13,15.0,42.490193642800314,56,55,56,1154,20.053571428571427,1,98.21428571428571,42.10017701303854,99.68944099378882
PK,pm25,µg/m³,2025-06-28,15.0,63.43027205514447,123,123,123,2675,21.520325203252035,1,100.0,50.779638403487446,99.38118811881188
PK,pm25,µg/m³,2025-08-09,15.0,38.70439539505424,133,120,133,2845,20.98496240601504,1,90.22556390977444,31.747366014391634,90.3370786516854
PK,pm25,µg/m³,2025-12-27,15.0,184.62523538675904,221,216,221,4644,20.814479638009058,1,97.73755656108597,150.96918902510242,98.45238095238096
PK,pm25,µg/m³,2026-03-03,15.0,78.08474650993624,253,249,253,5276,20.69565217391305,0,98.41897233201581,91.20582335615092,98.78682842287695
PK,pm25,µg/m³,2026-03-06,15.0,92.20103793228246,252,246,252,5106,20.03968253968254,0,97.61904761904762,89.23595407270537,98.45890410958904
PK,pm25,µg/m³,2026-05-05,15.0,40.28782372249743,219,196,219,4531,20.55707762557077,0,89.49771689497716,34.32061097825806,87.17607973421927
PK,pm25,µg/m³,2026-04-04,15.0,32.85569292640516,223,182,223,4631,20.63677130044843,0,81.61434977578476,33.95388232613382,86.65413533834587
PK,pm25,µg/m³,2026-03-26,15.0,31.837598171632433,239,212,239,5018,20.82426778242678,0,88.70292887029288,42.33419939339837,90.8692933083177
PK,pm25,µg/m³,2026-01-30,15.0,110.0585208829705,224,221,224,4419,19.55803571428571,1,98.66071428571429,94.64647434026364,97.86407766990291
PK,pm25,µg/m³,2025-10-02,15.0,72.26016510505939,143,142,143,3050,21.06993006993006,1,99.3006993006993,73.28491744013265,98.7987987987988
PK,pm25,µg/m³,2025-09-23,15.0,51.456595968366734,144,140,144,3060,20.923611111111114,1,97.22222222222221,47.841777250536396,96.74027339642481
PK,pm25,µg/m³,2025-08-01,15.0,33.47388989470013,120,109,120,2576,20.975,1,90.83333333333333,39.75040733824428,96.08091024020227
PK,pm25,µg/m³,2025-06-12,15.0,45.29449989731556,53,53,53,1091,20.13207547169812,1,100.0,43.61124386330948,100.0
PK,pm25,µg/m³,2026-08-23,15.0,33.18696028860404,186,177,186,4038,21.55913978494624,0,95.16129032258065,31.720193815016973,92.55711127487103
PK,pm25,µg/m³,2026-04-08,15.0,32.10818714484245,224,177,224,4601,20.499999999999996,0,79.01785714285714,34.5667315003932,84.6401028277635
PK,pm25,µg/m³,2026-04-01,15.0,38.09153966682843,234,217,234,4885,20.735042735042725,0,92.73504273504274,34.587889212391936,87.87878787878788
PK,pm25,µg/m³,2025-11-02,15.0,173.8361806833571,128,128,128,2783,21.640625000000004,1,100.0,182.61226422765523,99.69481180061037
PK,pm25,µg/m³,2025-10-13,15.0,81.95730183138961,141,139,141,3009,20.992907801418443,1,98.58156028368793,65.04603433982949,98.63874345549738
PK,pm25,µg/m³,2025-08-18,15.0,38.86884457808306,131,125,131,2721,20.572519083969468,1,95.41984732824427,40.544405207414115,96.49122807017544
PK,pm25,µg/m³,2026-07-27,15.0,58.68317142209201,163,160,163,3367,20.490797546012274,0,98.15950920245399,39.12695754450924,88.20598006644518
PK,pm25,µg/m³,2026-06-23,15.0,36.595717833955696,184,172,184,3956,21.336956521739133,0,93.47826086956522,32.056553347116896,89.64143426294821
PK,pm25,µg/m³,2026-06-21,15.0,29.165248013192674,165,147,165,3713,22.430303030303037,0,89.0909090909091,33.438271225787695,90.62003179650239
PK,pm25,µg/m³,2026-05-10,15.0,82.4635762853452,204,201,204,4172,20.284313725490197,0,98.52941176470588,58.09025755488645,95.32085561497327
PK,pm25,µg/m³,2025-07-16,15.0,35.902047731291454,120,111,120,2557,20.925,1,92.5,40.93112152078324,95.64719358533792
PK,pm25,µg/m³,2025-09-12,15.0,40.35879053287185,130,123,130,2806,21.246153846153845,1,94.61538461538461,40.22699794976974,94.5516458569807
PK,pm25,µg/m³,2025-10-03,15.0,50.70465225499696,143,140,143,3054,21.090909090909086,1,97.9020979020979,73.0394655678171,98.99598393574297
PK,pm25,µg/m³,2025-10-30,15.0,188.2216285473095,144,144,144,2970,20.451388888888893,1,100.0,169.52151123400728,99.6923076923077
PK,pm25,µg/m³,2025-12-10,15.0,190.31324849337187,287,286,287,5588,19.355400696864116,0,99.65156794425087,174.36038292463857,99.3643031784841
PK,pm25,µg/m³,2025-12-31,15.0,169.40189989398021,237,229,237,4487,18.738396624472575,1,96.62447257383965,181.1662893043798,98.45583693638048
PK,pm25,µg/m³,2026-05-01,15.0,41.013843553609796,210,194,210,4682,22.099999999999998,0,92.38095238095238,35.04500850627633,87.60826115922718
PK,pm25,µg/m³,2026-06-18,15.0,31.54874593725507,185,168,185,3826,20.616216216216223,0,90.81081081081082,33.0934896630387,89.90536277602523
PK,pm25,µg/m³,2026-07-16,15.0,41.31955829917831,173,164,173,3647,20.924855491329485,0,94.79768786127167,36.341767768161276,93.33333333333333
PK,pm25,µg/m³,2026-08-25,15.0,46.715002211626576,211,209,211,4267,20.01895734597156,0,99.0521327014218,35.125831032746355,94.56521739130434
PK,pm25,µg/m³,2026-08-28,15.0,40.10149912714624,206,194,206,4300,20.68932038834953,0,94.1747572815534,39.05159844857551,95.99714081486776
PK,pm25,µg/m³,2026-04-07,15.0,28.87270524664229,217,179,217,4301,19.741935483870957,0,82.48847926267281,35.421496146391206,86.65389527458493
PK,pm25,µg/m³,2026-02-14,15.0,118.95133221174443,207,204,207,4145,19.806763285024157,1,98.55072463768117,99.72917303135543,98.11320754716981
PK,pm25,µg/m³,2025-11-03,15.0,157.98768503412242,144,141,144,2980,20.51388888888888,1,97.91666666666666,180.29785847900277,99.4949494949495
PK,pm25,µg/m³,2025-10-28,15.0,177.5283434629899,142,141,142,2890,20.06338028169015,1,99.29577464788733,149.22481230147622,99.69635627530364
PK,pm25,µg/m³,2025-10-19,15.0,134.37122905594154,134,134,134,2984,22.074626865671636,1,100.0,106.10316257755991,99.4949494949495
PK,pm25,µg/m³,2026-08-22,15.0,33.03139409921116,198,187,198,4059,20.3989898989899,0,94.44444444444444,31.34310911376878,92.279138827023
PK,pm25,µg/m³,2026-07-13,15.0,43.66380518891228,178,168,178,3670,20.40449438202248,0,94.3820224719101,38.96383982868799,94.42649434571891
PK,pm25,µg/m³,2026-03-22,15.0,48.65539567016338,214,198,214,4728,21.9392523364486,0,92.5233644859813,42.49023776020931,91.15264797507788
PK,pm25,µg/m³,2025-08-08,15.0,31.370770277506946,135,124,135,2899,21.15555555555555,1,91.85185185185185,31.181534691004604,90.71100917431193
PK,pm25,µg/m³,2026-08-02,15.0,41.794621662707215,167,161,167,3515,20.934131736526947,0,96.40718562874252,43.51027737637648,97.18543046357617
PK,pm25,µg/m³,2026-07-15,15.0,34.30844157642301,172,161,172,3643,20.83720930232558,0,93.6046511627907,36.06914068228029,93.54047424366311
PK,pm25,µg/m³,2026-07-11,15.0,35.57657886737984,176,163,176,3647,20.522727272727266,0,92.61363636363636,41.69498887989726,95.75320512820514
PK,pm25,µg/m³,2025-10-20,15.0,122.72580421384605,143,143,143,2595,17.937062937062937,1,100.0,111.92723434648225,99.69758064516128
PK,pm25,µg/m³,2025-11-04,15.0,148.66792324677647,144,142,144,3114,21.326388888888886,1,98.61111111111111,176.174941305258,99.39516129032258
PK,pm25,µg/m³,2026-01-18,15.0,209.45716338055053,232,232,232,4470,19.06034482758621,1,100.0,197.78284903310634,99.62453066332915
PK,pm25,µg/m³,2026-02-02,15.0,131.54898340631308,222,221,222,4328,19.35135135135136,1,99.54954954954955,110.73878415016836,98.24675324675324
PK,pm25,µg/m³,2026-05-21,15.0,22.36603885872459,192,137,192,4063,20.953124999999996,0,71.35416666666666,36.26124829962932,88.12949640287769
PK,pm25,µg/m³,2026-06-27,15.0,39.339095815081656,170,159,170,3728,21.752941176470593,0,93.52941176470588,32.84083391679545,90.83469721767594
PK,pm25,µg/m³,2026-07-06,15.0,41.447720473746756,186,181,186,3737,20.086021505376337,0,97.31182795698925,41.54744486880242,94.351630867144
PK,pm25,µg/m³,2026-07-19,15.0,35.35550984024861,179,168,179,3596,19.966480446927378,0,93.85474860335195,38.33746466315818,94.05537459283387
PK,pm25,µg/m³,2026-07-30,15.0,45.302922522595104,180,176,180,3680,20.322222222222216,0,97.77777777777777,44.922697635488746,95.35472972972973
PK,pm25,µg/m³,2026-08-12,15.0,48.69056222843037,194,189,194,4026,20.61855670103092,0,97.42268041237114,41.1139514498891,96.09022556390977
PK,pm25,µg/m³,2026-07-07,15.0,49.1701614339707,184,177,184,3829,20.711956521739133,0,96.19565217391305,42.91788435666974,94.67831612390786
PK,pm25,µg/m³,2026-05-23,15.0,32.60596756387361,189,164,189,3930,20.64021164021163,0,86.77248677248677,34.88006692808002,87.87878787878788
PK,pm25,µg/m³,2026-04-27,15.0,44.807578855080834,223,205,223,4308,19.197309417040366,0,91.92825112107623,42.65902100900007,90.89134677944047
PK,pm25,µg/m³,2026-03-17,15.0,49.53768947778522,241,229,241,5053,20.80082987551867,0,95.0207468879668,52.57535396759767,91.56268568033273
PK,pm25,µg/m³,2026-01-21,15.0,158.92161448324669,224,222,224,4346,19.20982142857143,1,99.10714285714286,191.50969720304874,99.6268656716418
PK,pm25,µg/m³,2026-01-01,15.0,145.60929888558,241,235,241,4735,19.497925311203314,1,97.5103734439834,181.56596275036256,98.2779827798278
PK,pm25,µg/m³,2025-12-22,15.0,166.7923439724341,254,250,254,4951,19.350393700787407,1,98.4251968503937,194.21005166248756,99.2579908675799
PK,pm25,µg/m³,2025-11-07,15.0,123.7787522231744,144,142,144,3175,21.6875,1,98.61111111111111,142.66116412852378,98.78542510121457
PK,pm25,µg/m³,2026-08-14,15.0,37.65807006715217,181,172,181,3648,19.9060773480663,0,95.02762430939227,45.51821214836296,96.27659574468085
PK,pm25,µg/m³,2026-03-12,15.0,56.861432920786264,247,231,247,5011,20.125506072874483,0,93.52226720647774,86.4461636271674,96.875
PK,pm25,µg/m³,2026-01-31,15.0,126.73045148214477,219,217,219,4322,19.529680365296805,1,99.08675799086758,101.94571432217947,98.05825242718447
PK,pm25,µg/m³,2026-01-05,15.0,118.17360025093235,240,236,240,4665,19.2875,1,98.33333333333333,143.69470241722772,98.421372191864
PK,pm25,µg/m³,2025-10-09,15.0,64.65956253163262,139,139,139,3027,21.45323741007195,1,100.0,50.03407859306946,96.9376979936642
PK,pm25,µg/m³,2025-06-04,15.0,34.598685345918454,44,44,44,884,19.409090909090914,1,100.0,30.124355515813907,99.2248062015504
PK,pm25,µg/m³,2025-06-22,15.0,42.5578560186578,84,82,84,1780,20.595238095238102,1,97.61904761904762,47.92431050314153,95.76719576719577
PK,pm25,µg/m³,2025-08-05,15.0,27.256379944554112,125,105,125,2676,21.02400000000001,1,84.0,32.13889768793577,91.11922141119221
PK,pm25,µg/m³,2025-09-17,15.0,43.439051161905546,132,126,132,2837,21.151515151515152,1,95.45454545454545,42.168856150668866,94.97267759562843
PK,pm25,µg/m³,2025-09-27,15.0,69.19353605552566,140,139,140,2699,19.05,1,99.28571428571429,53.67204491641293,97.56345177664974
PK,pm25,µg/m³,2025-10-27,15.0,174.18852527468965,137,136,137,2842,20.569343065693428,1,99.27007299270073,141.03973856285134,99.79899497487436
PK,pm25,µg/m³,2025-11-13,15.0,179.4865064687469,150,148,150,3072,20.413333333333334,1,98.66666666666667,162.2162556902583,98.61248761149653
PK,pm25,µg/m³,2025-11-21,15.0,185.33475806076908,282,282,282,5105,17.950354609929065,1,100.0,186.91710013264435,99.35022742040286
PK,pm25,µg/m³,2026-01-08,15.0,138.83262573859136,230,228,230,4764,20.569565217391304,1,99.1304347826087,131.6039614557325,98.95769466584917
PK,pm25,µg/m³,2026-03-23,15.0,47.06297633881898,220,202,220,4662,21.045454545454557,0,91.81818181818183,44.385969818723325,91.87145557655954
PK,pm25,µg/m³,2026-04-16,15.0,41.314623711647684,223,204,223,4309,19.219730941704032,0,91.4798206278027,45.43262434032022,92.12081418253447
PK,pm25,µg/m³,2026-04-28,15.0,31.739211679837847,217,193,217,4358,20.00921658986174,0,88.94009216589862,40.38119726018132,90.5511811023622
PK,pm25,µg/m³,2026-04-02,15.0,39.88631073852881,237,221,237,4860,20.32911392405063,0,93.24894514767934,35.73770529337713,88.54489164086688
